traffic_volume,holiday,temp,rain_1h,snow_1h,clouds_all,weather_main,weather_description,date_time
960,1,2.8841444255606845,1,1,88.91279239400099,Clear,Snow,2025-01-01 00:00:00
3872,1,13.131147836965816,0,1,57.88067545119405,Clouds,Snow,2025-01-01 01:00:00
3192,0,33.413625270419026,0,0,63.239132432838744,Snow,Overcast clouds,2025-01-01 02:00:00
566,0,26.358453488315398,1,1,15.647671600360058,Snow,Snow,2025-01-01 03:00:00
4526,0,27.135326059999052,1,0,47.39212201161027,Rain,Light rain,2025-01-01 04:00:00
3544,0,11.274666722403769,0,0,71.6397111958099,Snow,Clear sky,2025-01-01 05:00:00
3271,1,7.296749627348145,0,0,27.09426983163654,Clouds,Snow,2025-01-01 06:00:00
3019,0,8.551938149230136,0,0,20.22541805245349,Snow,Overcast clouds,2025-01-01 07:00:00
230,0,39.38247818680289,0,0,31.382680822441557,Rain,Clear sky,2025-01-01 08:00:00
1785,1,-7.994540429375876,1,1,24.150062799283344,Clouds,Snow,2025-01-01 09:00:00
869,1,33.35157480612243,0,1,21.491263703639586,Clear,Overcast clouds,2025-01-01 10:00:00
2491,1,18.93377042861967,0,0,42.48508428680869,Rain,Snow,2025-01-01 11:00:00
2533,1,11.930770959479524,0,1,90.78385138835341,Clear,Clear sky,2025-01-01 12:00:00
1284,0,26.262883020756824,1,0,50.705964673871826,Clouds,Clear sky,2025-01-01 13:00:00
4655,0,14.333447071235142,1,1,18.792038081532304,Rain,Clear sky,2025-01-01 14:00:00
3485,1,33.67116190408303,0,0,7.697166938087408,Rain,Light rain,2025-01-01 15:00:00
4217,0,35.035093200562926,0,1,69.61561451379252,Clouds,Snow,2025-01-01 16:00:00
4943,0,11.08604634367277,0,0,38.279876443638784,Snow,Light rain,2025-01-01 17:00:00
3004,0,3.841389861752578,1,0,82.18309465853592,Rain,Clear sky,2025-01-01 18:00:00
574,1,19.61751642966811,1,1,65.95107686407702,Rain,Overcast clouds,2025-01-01 19:00:00
1182,0,35.61816728083455,1,1,79.62414505413685,Clear,Snow,2025-01-01 20:00:00
2658,1,0.5331094502833285,0,0,27.194603941844875,Snow,Light rain,2025-01-01 21:00:00
2147,0,21.148329178174137,1,1,69.2358922461058,Clear,Snow,2025-01-01 22:00:00
2847,0,21.578011004626028,0,0,26.406198469371876,Clear,Overcast clouds,2025-01-01 23:00:00
1075,0,26.65565112076405,0,1,93.90684794502916,Snow,Light rain,2025-01-02 00:00:00
1906,1,-3.42161574363701,0,1,63.63742815333744,Snow,Clear sky,2025-01-02 01:00:00
289,0,25.79124823410443,1,0,32.451180017534206,Clouds,Light rain,2025-01-02 02:00:00
2834,1,35.45162603328205,0,1,26.951186229227265,Snow,Snow,2025-01-02 03:00:00
3105,1,-1.0158445564879024,1,1,19.09265850716435,Rain,Snow,2025-01-02 04:00:00
4758,1,1.877166246193882,1,0,69.46409588937279,Snow,Snow,2025-01-02 05:00:00
1999,0,38.56975470208198,0,1,21.87156129979273,Clouds,Snow,2025-01-02 06:00:00
1367,0,-0.9511523645255124,0,0,59.53032659274891,Clouds,Clear sky,2025-01-02 07:00:00
1628,0,32.71925466847895,1,0,26.463502692535734,Clouds,Light rain,2025-01-02 08:00:00
3302,0,14.613892822401738,0,0,66.19689447938686,Snow,Clear sky,2025-01-02 09:00:00
3656,1,2.3615537201588523,1,0,81.49397285405392,Snow,Clear sky,2025-01-02 10:00:00
3990,1,33.53749506362557,0,0,77.80252431446532,Clear,Clear sky,2025-01-02 11:00:00
746,1,12.265262750133274,1,1,76.08513309307817,Clear,Snow,2025-01-02 12:00:00
2988,0,15.74086769648451,1,0,18.772240569225207,Rain,Snow,2025-01-02 13:00:00
2535,1,7.961668469988286,1,0,8.838494698451871,Clear,Snow,2025-01-02 14:00:00
700,0,19.64754257174637,1,1,69.89488284873856,Rain,Light rain,2025-01-02 15:00:00
2463,1,-1.823806370748862,0,1,36.83472137943513,Clouds,Overcast clouds,2025-01-02 16:00:00
2161,0,9.554076832588034,0,1,43.23462264033473,Clear,Snow,2025-01-02 17:00:00
341,0,38.470616116764376,1,0,3.1149092793391064,Snow,Light rain,2025-01-02 18:00:00
2141,1,2.9066716350563766,1,0,25.95764492750492,Clear,Snow,2025-01-02 19:00:00
2924,1,22.83683322706461,0,0,3.3676403874464023,Rain,Snow,2025-01-02 20:00:00
2712,1,6.259503211234744,0,1,87.91857726012476,Clear,Clear sky,2025-01-02 21:00:00
1463,1,28.67365628433003,0,0,24.339668321853047,Clouds,Clear sky,2025-01-02 22:00:00
1578,0,-3.456316964082509,0,1,55.73371695730081,Snow,Clear sky,2025-01-02 23:00:00
2656,1,38.491052253927236,0,0,3.897932066113041,Rain,Light rain,2025-01-03 00:00:00
875,1,12.689477069181962,0,1,66.6847391305658,Snow,Overcast clouds,2025-01-03 01:00:00
4114,1,1.8025231673231978,1,0,32.30273457540939,Snow,Overcast clouds,2025-01-03 02:00:00
134,0,-6.325162633499367,0,0,89.79191869576658,Rain,Light rain,2025-01-03 03:00:00
3252,0,-1.5121047456229633,0,0,88.81181889340358,Snow,Snow,2025-01-03 04:00:00
2055,1,15.988697427800883,1,1,32.529061836174776,Snow,Light rain,2025-01-03 05:00:00
1685,0,6.850158821564314,0,1,90.09608956904678,Clear,Snow,2025-01-03 06:00:00
4043,1,31.44416829413047,0,0,99.61576734987788,Snow,Light rain,2025-01-03 07:00:00
3173,0,11.544376183090296,0,0,82.5415664123948,Snow,Light rain,2025-01-03 08:00:00
1121,0,2.435713629381496,0,0,84.4871347755229,Snow,Light rain,2025-01-03 09:00:00
3561,0,20.8572493302015,0,1,24.90087361090899,Snow,Overcast clouds,2025-01-03 10:00:00
2713,0,25.33886084427229,1,0,57.67023988577563,Rain,Clear sky,2025-01-03 11:00:00
3943,1,-1.6479046049525063,0,0,6.725591396736785,Clouds,Light rain,2025-01-03 12:00:00
1600,1,-1.6190391855841177,1,0,9.491793682166971,Clear,Overcast clouds,2025-01-03 13:00:00
4898,1,-8.166428653322852,1,0,99.88926120332906,Snow,Clear sky,2025-01-03 14:00:00
261,0,26.820100753282027,0,1,32.663924942591095,Snow,Clear sky,2025-01-03 15:00:00
4397,1,23.190226381090255,1,1,74.81839120488463,Rain,Light rain,2025-01-03 16:00:00
2081,1,13.731543787490693,0,0,80.66650530268164,Clouds,Snow,2025-01-03 17:00:00
1095,1,32.20852244845986,1,0,85.80232710072292,Snow,Snow,2025-01-03 18:00:00
3442,0,30.28350764750266,1,1,99.76282974021565,Rain,Snow,2025-01-03 19:00:00
4651,0,19.267718219837608,0,1,24.149648525686786,Clear,Light rain,2025-01-03 20:00:00
3898,0,33.41356402566293,0,0,4.035082685969971,Clear,Snow,2025-01-03 21:00:00
1375,1,0.2920605018384119,0,1,41.1191517994586,Snow,Overcast clouds,2025-01-03 22:00:00
1116,1,-4.404019030113606,0,1,13.008066982894695,Snow,Overcast clouds,2025-01-03 23:00:00
437,1,3.4874805758494816,0,0,2.2425889162055124,Clouds,Overcast clouds,2025-01-04 00:00:00
978,0,-7.145657195534257,1,1,36.04268271414861,Clouds,Overcast clouds,2025-01-04 01:00:00
1176,0,16.5584764000516,1,1,78.37382510752364,Snow,Clear sky,2025-01-04 02:00:00
4987,1,36.830284614748074,1,0,56.61806912250709,Rain,Overcast clouds,2025-01-04 03:00:00
4093,0,-8.032822966574518,1,0,31.277798921035405,Clouds,Snow,2025-01-04 04:00:00
4959,0,-3.89450429949866,1,1,65.43420054927196,Snow,Light rain,2025-01-04 05:00:00
479,0,12.609951414171764,1,0,23.20181803088107,Clouds,Snow,2025-01-04 06:00:00
592,0,36.69375087639524,1,1,1.4381446072085025,Snow,Overcast clouds,2025-01-04 07:00:00
2162,1,5.807805248837525,0,0,76.43533864364274,Clear,Clear sky,2025-01-04 08:00:00
3984,0,15.361740434419623,0,1,62.374308486400906,Snow,Overcast clouds,2025-01-04 09:00:00
164,0,-7.921357047480395,1,0,76.23026245009599,Clear,Light rain,2025-01-04 10:00:00
2668,0,-2.582839951895557,1,1,3.893801668766561,Clouds,Snow,2025-01-04 11:00:00
2127,0,39.33150614794234,0,1,83.71196278306522,Snow,Light rain,2025-01-04 12:00:00
2795,1,38.25593482180228,0,1,61.95262000363033,Clouds,Light rain,2025-01-04 13:00:00
1595,1,-9.75300095327952,0,0,56.33953507126401,Clear,Light rain,2025-01-04 14:00:00
491,0,37.590589271161946,0,0,62.46140481145316,Snow,Snow,2025-01-04 15:00:00
4614,0,21.95599689077502,1,1,86.4433246868364,Clouds,Overcast clouds,2025-01-04 16:00:00
4574,0,33.39591472600111,0,1,58.69365065589071,Clear,Light rain,2025-01-04 17:00:00
3661,0,12.736992781692955,1,0,58.095037988817936,Clouds,Snow,2025-01-04 18:00:00
2378,0,15.77980142896251,1,0,99.06791570657658,Rain,Clear sky,2025-01-04 19:00:00
3199,0,14.44232901284601,1,0,75.6730167068568,Clear,Snow,2025-01-04 20:00:00
300,1,23.34321287730522,0,0,44.22938054511353,Clear,Clear sky,2025-01-04 21:00:00
4975,0,-3.0174372621843553,0,0,70.73970000329277,Clear,Snow,2025-01-04 22:00:00
3204,1,-8.501320506366103,1,0,38.92304716917885,Snow,Overcast clouds,2025-01-04 23:00:00
4698,1,5.396497079559545,1,1,22.8875462483499,Snow,Light rain,2025-01-05 00:00:00
2554,0,25.234038136832332,1,0,59.68518768877594,Snow,Overcast clouds,2025-01-05 01:00:00
3745,1,0.09267260614741879,0,1,92.81820981139515,Rain,Snow,2025-01-05 02:00:00
904,1,23.67162166624587,1,0,92.91395200154628,Rain,Light rain,2025-01-05 03:00:00
2831,1,38.49560230536352,0,0,34.19052781054903,Clear,Clear sky,2025-01-05 04:00:00
2873,1,-5.30496421052908,1,1,52.7677466221695,Rain,Snow,2025-01-05 05:00:00
1670,1,23.630105911256315,1,1,21.16358985698612,Clouds,Light rain,2025-01-05 06:00:00
2790,1,12.187510965228558,1,0,99.56311094988834,Clear,Clear sky,2025-01-05 07:00:00
3940,0,33.40711271887527,0,1,98.11179078679358,Clear,Clear sky,2025-01-05 08:00:00
1128,1,-1.142510527630705,0,1,64.95089297074473,Clouds,Overcast clouds,2025-01-05 09:00:00
602,1,24.631297611308227,1,1,80.44140596774734,Clear,Snow,2025-01-05 10:00:00
4593,1,31.90576448240551,0,1,71.51001612837,Rain,Clear sky,2025-01-05 11:00:00
970,0,37.230710973701164,1,0,59.31582190394682,Snow,Light rain,2025-01-05 12:00:00
4588,1,24.16240141448229,0,1,5.3347996988897695,Clouds,Clear sky,2025-01-05 13:00:00
306,0,14.858738200421364,0,0,45.476434255266106,Rain,Clear sky,2025-01-05 14:00:00
1584,1,20.892362010060694,0,0,67.47863021674105,Clouds,Overcast clouds,2025-01-05 15:00:00
963,0,33.44524922393591,1,0,67.75316138836847,Clouds,Overcast clouds,2025-01-05 16:00:00
2890,0,18.530487331941483,0,0,37.31226184223836,Clear,Light rain,2025-01-05 17:00:00
663,1,-8.480647015158157,0,1,94.16919866580305,Clear,Overcast clouds,2025-01-05 18:00:00
4291,1,36.54743477534889,1,1,16.7357032236781,Rain,Clear sky,2025-01-05 19:00:00
1857,0,24.476337551578055,1,0,50.03594462155606,Clouds,Clear sky,2025-01-05 20:00:00
1778,1,23.82566928886233,1,0,69.08839765508228,Clear,Overcast clouds,2025-01-05 21:00:00
3342,0,0.7837576198858578,1,0,69.71358058918092,Clear,Clear sky,2025-01-05 22:00:00
4736,0,22.944273511632858,0,0,64.86389567688155,Clouds,Clear sky,2025-01-05 23:00:00
1159,0,9.693220282707923,0,1,27.528821345186017,Rain,Light rain,2025-01-06 00:00:00
1822,0,22.561648852074605,0,0,15.620656868662197,Rain,Overcast clouds,2025-01-06 01:00:00
3414,0,-4.6703484846004635,0,1,63.594032682671084,Clouds,Clear sky,2025-01-06 02:00:00
3257,1,22.8922652301518,0,0,59.930211613943776,Rain,Overcast clouds,2025-01-06 03:00:00
2725,0,39.97068628853333,1,0,17.935601028924097,Clear,Light rain,2025-01-06 04:00:00
2829,0,-7.589398056972199,0,0,70.51391455705634,Clouds,Overcast clouds,2025-01-06 05:00:00
1697,1,38.858709211065865,0,0,45.51719917336564,Clear,Clear sky,2025-01-06 06:00:00
3160,0,10.345398036143532,0,1,66.7760591603153,Snow,Overcast clouds,2025-01-06 07:00:00
2793,1,33.537672516862955,1,1,83.73670797701507,Snow,Clear sky,2025-01-06 08:00:00
4991,1,29.119274202913672,1,1,16.972842857692317,Rain,Clear sky,2025-01-06 09:00:00
3727,1,18.35081304933339,0,0,1.9144867996836679,Snow,Clear sky,2025-01-06 10:00:00
1463,0,26.922460462566328,1,0,77.91025863957867,Clear,Light rain,2025-01-06 11:00:00
2081,0,33.9257780650674,1,1,60.96974251526159,Snow,Overcast clouds,2025-01-06 12:00:00
1763,0,10.20701608255165,1,1,69.96395696221217,Clear,Light rain,2025-01-06 13:00:00
1629,1,6.351658078161936,1,0,83.81549749886426,Rain,Overcast clouds,2025-01-06 14:00:00
2138,0,23.379669278179236,1,0,80.28109348245005,Rain,Light rain,2025-01-06 15:00:00
3402,1,30.39229709706293,1,1,96.09201469288247,Clear,Snow,2025-01-06 16:00:00
2337,0,28.11425673883079,1,0,53.59350788521182,Snow,Clear sky,2025-01-06 17:00:00
1406,1,29.890682442931727,0,0,48.84956326599054,Rain,Clear sky,2025-01-06 18:00:00
4129,0,11.77916574064665,0,1,40.18871998907301,Clouds,Light rain,2025-01-06 19:00:00
2775,0,30.89171080875108,1,0,15.369104284420454,Rain,Snow,2025-01-06 20:00:00
1382,0,-3.9895472314695777,0,1,57.26072328820224,Snow,Clear sky,2025-01-06 21:00:00
809,1,17.224454898042477,0,0,27.70125243259788,Clouds,Overcast clouds,2025-01-06 22:00:00
4844,1,-9.712066975093922,1,1,92.13075122129754,Snow,Light rain,2025-01-06 23:00:00
4513,0,6.229291495013516,0,0,58.31908042770976,Clear,Clear sky,2025-01-07 00:00:00
3848,0,8.323076743569892,1,1,59.284018050811014,Clouds,Clear sky,2025-01-07 01:00:00
4879,1,9.808634580462769,1,1,35.492466087701004,Snow,Light rain,2025-01-07 02:00:00
763,1,24.773360334493105,1,1,5.198935197770749,Clouds,Light rain,2025-01-07 03:00:00
2098,1,9.427905063517287,0,1,3.174376537298862,Snow,Overcast clouds,2025-01-07 04:00:00
3545,0,12.434681131126531,0,0,42.33351441531975,Clouds,Overcast clouds,2025-01-07 05:00:00
3843,1,1.8772065437163725,0,0,8.456537809723786,Snow,Clear sky,2025-01-07 06:00:00
1595,0,8.662589581467003,0,1,60.68469555401391,Clear,Clear sky,2025-01-07 07:00:00
3404,1,1.3634813631575735,1,0,88.09730056396575,Clouds,Light rain,2025-01-07 08:00:00
3863,0,-6.340203811577818,1,0,88.29148165187222,Clouds,Clear sky,2025-01-07 09:00:00
1953,1,20.172429669068894,0,0,65.90454101322324,Clouds,Clear sky,2025-01-07 10:00:00
4759,1,23.410639927750815,1,0,21.1231831472931,Clouds,Light rain,2025-01-07 11:00:00
1391,1,20.974517300480723,1,0,86.29968313588721,Clear,Clear sky,2025-01-07 12:00:00
3681,1,13.174702190028619,0,1,88.60934353132082,Clouds,Clear sky,2025-01-07 13:00:00
3557,1,8.989289008961492,1,1,19.66535849529587,Rain,Snow,2025-01-07 14:00:00
1736,0,33.16668247859126,0,1,73.74260857706773,Clear,Overcast clouds,2025-01-07 15:00:00
3796,1,15.954089256810903,1,1,28.651954892712293,Rain,Light rain,2025-01-07 16:00:00
3099,1,13.959093881486549,0,0,80.26403123529296,Clouds,Snow,2025-01-07 17:00:00
3252,1,-8.717896709678216,1,0,99.72378999036027,Snow,Overcast clouds,2025-01-07 18:00:00
798,0,7.062391381307819,1,1,3.0026005329392813,Rain,Overcast clouds,2025-01-07 19:00:00
2260,1,9.009780939292853,0,0,89.73658657909318,Clouds,Overcast clouds,2025-01-07 20:00:00
4197,0,9.941139044845023,0,0,62.26305335986581,Rain,Snow,2025-01-07 21:00:00
4837,1,19.008618461366613,0,1,97.33826191648211,Clouds,Snow,2025-01-07 22:00:00
954,1,16.680127336343922,0,0,46.50095175264276,Clouds,Overcast clouds,2025-01-07 23:00:00
3574,0,20.39525463967223,1,1,84.73879305713737,Clouds,Clear sky,2025-01-08 00:00:00
1807,1,28.244163077106414,1,1,6.239406859827723,Snow,Clear sky,2025-01-08 01:00:00
2877,0,30.649286935804675,0,0,33.527905007829574,Rain,Snow,2025-01-08 02:00:00
1833,0,25.90615381132472,1,0,6.701653775120997,Clear,Snow,2025-01-08 03:00:00
3610,1,37.77618479774674,0,1,97.53431334790706,Clear,Snow,2025-01-08 04:00:00
302,0,-9.088370866181918,0,1,81.69739072718367,Clear,Overcast clouds,2025-01-08 05:00:00
3355,1,-0.2111007158226954,1,0,85.25474212459704,Clear,Clear sky,2025-01-08 06:00:00
4318,1,-9.621856251092893,1,1,93.79652314338942,Clouds,Snow,2025-01-08 07:00:00
4596,0,22.373735707730148,0,1,8.510348611978536,Rain,Snow,2025-01-08 08:00:00
866,0,34.90152744749935,0,1,38.55975925133334,Rain,Light rain,2025-01-08 09:00:00
4489,0,2.1741148288149645,0,0,7.103488904400212,Snow,Overcast clouds,2025-01-08 10:00:00
2427,0,36.35172723981533,1,1,21.07931015500286,Rain,Light rain,2025-01-08 11:00:00
3031,1,-6.986630485521958,1,0,22.936577703767234,Rain,Clear sky,2025-01-08 12:00:00
297,1,36.72180134027572,1,1,46.91072110475787,Rain,Light rain,2025-01-08 13:00:00
2030,0,7.5811343619817215,1,0,26.856216745364257,Snow,Light rain,2025-01-08 14:00:00
3682,1,-4.928958577539174,0,1,10.09781068177611,Clear,Light rain,2025-01-08 15:00:00
708,1,14.29358795931628,0,0,16.749108909410772,Rain,Overcast clouds,2025-01-08 16:00:00
3372,1,2.8388283860253978,0,0,14.727556355209092,Snow,Clear sky,2025-01-08 17:00:00
1247,1,4.243645098096142,0,0,97.30767979122983,Snow,Light rain,2025-01-08 18:00:00
4382,0,5.364498246314328,0,1,75.92925069184736,Clouds,Overcast clouds,2025-01-08 19:00:00
3497,0,30.15129489163317,0,1,96.7761465269562,Snow,Clear sky,2025-01-08 20:00:00
2611,1,16.958063833762726,1,1,43.974048650790856,Clear,Snow,2025-01-08 21:00:00
1894,0,5.565384957800182,1,0,27.83684816626566,Rain,Light rain,2025-01-08 22:00:00
759,0,20.51668916554592,0,1,79.82931972091866,Snow,Clear sky,2025-01-08 23:00:00
2911,0,25.807533711159678,0,0,32.62539180411468,Clear,Light rain,2025-01-09 00:00:00
1469,1,3.631200036676688,1,1,29.93833737053483,Snow,Snow,2025-01-09 01:00:00
2086,1,10.677455076267577,1,0,23.25059922078312,Snow,Clear sky,2025-01-09 02:00:00
246,1,-3.9056953331526225,1,0,12.967897822423534,Snow,Overcast clouds,2025-01-09 03:00:00
3319,0,-0.9425325232659851,1,0,25.646306101676597,Snow,Clear sky,2025-01-09 04:00:00
3011,1,24.05589269824914,0,1,35.53197484738877,Snow,Overcast clouds,2025-01-09 05:00:00
1834,1,-0.9280826152186528,0,1,67.39942081457303,Clear,Clear sky,2025-01-09 06:00:00
1943,0,16.258169183353008,0,1,6.256484221945158,Rain,Overcast clouds,2025-01-09 07:00:00
588,1,25.452313086121634,0,0,21.050693966534297,Rain,Snow,2025-01-09 08:00:00
3076,1,-4.656153845262808,0,0,80.90236402916764,Rain,Snow,2025-01-09 09:00:00
2059,0,18.365610981445176,1,1,14.692192358377076,Rain,Snow,2025-01-09 10:00:00
2485,0,2.8281391850681885,0,1,34.26451465225215,Clear,Clear sky,2025-01-09 11:00:00
3019,0,38.14634376187899,1,1,86.46589218581401,Clouds,Snow,2025-01-09 12:00:00
4836,1,14.177282335996235,0,0,15.492531114344265,Clouds,Light rain,2025-01-09 13:00:00
1902,1,30.299627488757906,0,0,8.27368356181899,Clear,Snow,2025-01-09 14:00:00
4161,1,17.511327107813088,0,0,48.45379950800108,Clear,Overcast clouds,2025-01-09 15:00:00
3469,0,-7.829373357259042,0,0,30.24195112785364,Snow,Overcast clouds,2025-01-09 16:00:00
362,0,21.657568779701116,0,0,56.34083644838541,Snow,Overcast clouds,2025-01-09 17:00:00
723,1,37.570167110332854,1,1,80.38048904834751,Snow,Clear sky,2025-01-09 18:00:00
1116,1,20.08059100731656,1,0,13.714848815274316,Rain,Light rain,2025-01-09 19:00:00
3743,0,30.959442971339513,1,0,58.0699084554285,Snow,Snow,2025-01-09 20:00:00
2149,0,34.21032316742039,0,0,50.550876038986395,Clouds,Light rain,2025-01-09 21:00:00
3823,0,1.4039885974466237,0,0,14.407878601319958,Rain,Light rain,2025-01-09 22:00:00
4648,0,0.6022419954113332,1,0,62.39984855289824,Snow,Overcast clouds,2025-01-09 23:00:00
3208,1,20.549049442549585,0,1,27.364041786077166,Rain,Overcast clouds,2025-01-10 00:00:00
4190,0,10.551423490335235,0,0,48.78343185440125,Clouds,Overcast clouds,2025-01-10 01:00:00
2156,1,31.99306514333602,1,0,8.227232427706188,Snow,Clear sky,2025-01-10 02:00:00
3270,1,35.00115616990056,0,0,45.958405721362304,Clouds,Light rain,2025-01-10 03:00:00
1782,1,7.671068965135905,1,1,30.646346804282032,Clouds,Light rain,2025-01-10 04:00:00
2355,0,1.8435279487241036,0,1,82.23812111853543,Clouds,Clear sky,2025-01-10 05:00:00
1254,0,29.026275762193094,1,1,5.697872699736828,Snow,Clear sky,2025-01-10 06:00:00
4599,0,3.7403017774068044,0,0,41.860727491832996,Clear,Clear sky,2025-01-10 07:00:00
3291,0,31.130715925683923,0,1,45.8431424131438,Snow,Light rain,2025-01-10 08:00:00
1796,1,11.186912682438141,1,0,72.50060762991187,Clouds,Light rain,2025-01-10 09:00:00
4091,0,23.377494964573522,0,0,57.428757509021096,Snow,Overcast clouds,2025-01-10 10:00:00
4823,0,-5.223234308266591,0,1,66.72123371941811,Clouds,Overcast clouds,2025-01-10 11:00:00
4782,1,21.19296623382865,1,0,77.7049285651756,Clear,Light rain,2025-01-10 12:00:00
1748,0,12.588383936861455,0,0,86.22029736581888,Rain,Overcast clouds,2025-01-10 13:00:00
1545,1,19.330423158773705,1,0,31.38754967224705,Clear,Clear sky,2025-01-10 14:00:00
4299,1,-1.599289612756829,0,1,53.802270536390296,Clear,Snow,2025-01-10 15:00:00
4023,1,26.843687247209104,0,0,84.01080784391999,Rain,Overcast clouds,2025-01-10 16:00:00
353,1,33.13985387716143,0,0,98.94511309650565,Snow,Light rain,2025-01-10 17:00:00
3283,1,0.8369900045387819,0,1,88.95193110437631,Rain,Overcast clouds,2025-01-10 18:00:00
2657,1,-5.214272223991914,1,0,37.14672626243768,Snow,Overcast clouds,2025-01-10 19:00:00
198,1,-8.81807069768318,0,0,19.516651721865042,Snow,Overcast clouds,2025-01-10 20:00:00
2300,1,22.098575022163303,1,1,48.93925374065887,Clouds,Snow,2025-01-10 21:00:00
3061,0,20.35470180443904,0,0,74.16414518360422,Clouds,Clear sky,2025-01-10 22:00:00
4533,0,17.334870635703503,0,0,49.25690707532976,Rain,Light rain,2025-01-10 23:00:00
3877,0,1.597354805798771,0,0,48.31808633136685,Clear,Snow,2025-01-11 00:00:00
2969,0,9.545299795275735,0,0,83.82304210818006,Rain,Light rain,2025-01-11 01:00:00
3334,1,19.72381675930865,1,0,36.14037790671863,Snow,Light rain,2025-01-11 02:00:00
3891,0,14.83834294295847,1,1,85.97946748116456,Clouds,Light rain,2025-01-11 03:00:00
1056,1,39.38927601074437,1,1,40.680480095172356,Rain,Snow,2025-01-11 04:00:00
4167,0,-3.1780123721633435,1,1,32.82331056783394,Rain,Clear sky,2025-01-11 05:00:00
260,0,24.757227702379687,0,1,45.3989911199699,Clouds,Light rain,2025-01-11 06:00:00
4593,0,10.215938405214608,1,0,76.24469586748684,Clouds,Clear sky,2025-01-11 07:00:00
1400,1,11.409980746280738,1,0,12.600202786399429,Clouds,Clear sky,2025-01-11 08:00:00
4087,0,25.87988828290881,0,0,19.64192158720174,Snow,Overcast clouds,2025-01-11 09:00:00
1627,1,24.62180756621848,0,0,95.1444825663092,Clouds,Snow,2025-01-11 10:00:00
1318,1,39.56279968510942,0,0,17.54916273813574,Clear,Snow,2025-01-11 11:00:00
4596,0,-3.5802855272937384,0,1,56.77273179310546,Rain,Overcast clouds,2025-01-11 12:00:00
4835,0,-4.794517530791683,1,1,57.931446666193786,Clouds,Overcast clouds,2025-01-11 13:00:00
3204,0,26.216940856437056,1,0,48.96244620502448,Clouds,Clear sky,2025-01-11 14:00:00
2835,1,18.919345850320454,0,0,64.47452485768186,Snow,Light rain,2025-01-11 15:00:00
4655,0,3.708033327990293,0,0,22.982672579761843,Snow,Snow,2025-01-11 16:00:00
1054,1,-6.02903155055067,0,1,55.266226777674824,Rain,Light rain,2025-01-11 17:00:00
4665,1,-5.717087520178473,1,0,37.21732552468971,Clear,Light rain,2025-01-11 18:00:00
3546,0,34.70954373320591,1,0,66.1667259629189,Rain,Overcast clouds,2025-01-11 19:00:00
1145,0,-0.406633764062855,0,0,14.122354337314945,Clouds,Light rain,2025-01-11 20:00:00
1793,1,6.168578105776039,0,1,57.08774168394763,Clear,Clear sky,2025-01-11 21:00:00
3536,1,1.3328201113494007,1,0,18.52703553833237,Clear,Overcast clouds,2025-01-11 22:00:00
662,1,7.749815291596864,0,1,27.86430631150364,Clear,Light rain,2025-01-11 23:00:00
2585,0,-6.528807862695332,0,1,21.87098003235832,Clear,Overcast clouds,2025-01-12 00:00:00
3454,1,15.95298954541352,1,1,18.28377798688171,Rain,Clear sky,2025-01-12 01:00:00
325,0,-6.619371820389254,0,1,82.5710951560667,Snow,Clear sky,2025-01-12 02:00:00
4993,1,30.01782539111808,1,1,28.570756766089033,Snow,Light rain,2025-01-12 03:00:00
1059,1,1.6856040955216507,0,1,92.71237818644494,Clouds,Overcast clouds,2025-01-12 04:00:00
4648,0,17.00059573022553,0,0,96.99265253451908,Snow,Light rain,2025-01-12 05:00:00
3167,1,34.00395437807291,1,0,57.126046993709735,Snow,Light rain,2025-01-12 06:00:00
915,0,22.54386845235971,1,0,14.30011226657264,Snow,Overcast clouds,2025-01-12 07:00:00
4854,0,16.647889327566766,0,1,37.45482433795813,Snow,Light rain,2025-01-12 08:00:00
4742,1,6.21668765576878,1,0,79.7732263348214,Clouds,Clear sky,2025-01-12 09:00:00
3220,0,6.650095652909897,0,1,36.739072869707044,Rain,Overcast clouds,2025-01-12 10:00:00
116,0,23.474347759909506,0,1,8.701721830278874,Clear,Overcast clouds,2025-01-12 11:00:00
1343,1,39.706968061058376,1,1,55.678491092818795,Snow,Overcast clouds,2025-01-12 12:00:00
2305,0,23.09195949246893,0,0,84.51208514960348,Rain,Overcast clouds,2025-01-12 13:00:00
2624,0,17.889170868501246,0,1,79.59263871435024,Snow,Light rain,2025-01-12 14:00:00
1169,0,26.532525511962305,1,1,17.512314013035322,Snow,Light rain,2025-01-12 15:00:00
3544,1,13.260280614185909,1,0,67.27646144124667,Clear,Clear sky,2025-01-12 16:00:00
2665,0,-6.99288286996074,0,0,22.05042634356471,Clear,Snow,2025-01-12 17:00:00
1160,1,18.11484079389549,1,1,21.820753455217222,Clear,Snow,2025-01-12 18:00:00
2427,1,37.88126422526901,1,1,87.40717733051852,Snow,Clear sky,2025-01-12 19:00:00
3520,0,-1.2348528821170177,1,0,24.966895274023017,Snow,Snow,2025-01-12 20:00:00
401,0,24.50024454103329,1,0,26.32473465180112,Snow,Clear sky,2025-01-12 21:00:00
4376,0,0.046684432952822874,0,0,0.06533907612995549,Clear,Light rain,2025-01-12 22:00:00
706,1,16.791384223654063,0,1,87.06690341255177,Clouds,Overcast clouds,2025-01-12 23:00:00
3270,0,-5.1661775176640194,0,0,79.25948132091347,Rain,Overcast clouds,2025-01-13 00:00:00
799,0,12.518546812909257,1,0,62.7328935090678,Clouds,Light rain,2025-01-13 01:00:00
1239,0,27.808166444762307,1,0,75.02657639388423,Snow,Overcast clouds,2025-01-13 02:00:00
290,0,7.3785762119491025,1,1,15.20485674244918,Snow,Overcast clouds,2025-01-13 03:00:00
2400,0,23.2455862243609,1,0,45.832359458757544,Clouds,Snow,2025-01-13 04:00:00
1080,1,29.772498039486457,1,0,35.121938734878086,Snow,Light rain,2025-01-13 05:00:00
3075,1,36.358890973972635,1,0,9.37765262570165,Rain,Snow,2025-01-13 06:00:00
1284,0,1.7321040927726763,1,0,48.61304852149241,Snow,Snow,2025-01-13 07:00:00
3427,0,9.965795790465407,0,0,92.07396503426354,Rain,Overcast clouds,2025-01-13 08:00:00
3494,0,-2.3791993334791286,0,1,4.005911905069448,Clouds,Overcast clouds,2025-01-13 09:00:00
227,0,39.62417510791876,1,1,29.14609134937939,Clouds,Light rain,2025-01-13 10:00:00
2165,1,36.35004839621477,1,1,20.754093620570345,Snow,Overcast clouds,2025-01-13 11:00:00
1916,0,16.99785651402798,1,0,23.81466536656963,Rain,Overcast clouds,2025-01-13 12:00:00
669,1,32.10166471882106,0,1,90.84345518793752,Snow,Light rain,2025-01-13 13:00:00
1995,1,16.04789886360211,0,1,46.806905423429015,Clear,Overcast clouds,2025-01-13 14:00:00
2833,0,21.179284400137984,1,1,46.62994129398188,Clear,Snow,2025-01-13 15:00:00
3963,1,-5.543778394199169,1,0,76.05756424552823,Clear,Light rain,2025-01-13 16:00:00
4821,1,27.763521024840394,0,0,15.44922040049258,Clear,Overcast clouds,2025-01-13 17:00:00
4114,1,-3.6143258182382585,0,1,48.72653541000508,Snow,Clear sky,2025-01-13 18:00:00
3001,1,31.303381512626416,0,1,42.99852141210597,Clear,Light rain,2025-01-13 19:00:00
1786,0,29.101404383519295,0,0,59.69106905466561,Rain,Light rain,2025-01-13 20:00:00
3109,0,25.43723488714882,1,0,99.95577032504386,Clouds,Clear sky,2025-01-13 21:00:00
254,1,-8.191980973761893,0,1,76.9448894082047,Clouds,Overcast clouds,2025-01-13 22:00:00
2637,0,5.15641779726643,0,0,39.78657030174272,Clear,Overcast clouds,2025-01-13 23:00:00
1509,0,3.1556284955421425,1,1,82.75530522740469,Clear,Light rain,2025-01-14 00:00:00
4157,0,8.006820373575955,0,0,17.070836331248017,Clear,Light rain,2025-01-14 01:00:00
884,0,-5.617862661808073,0,1,3.0463686308960125,Snow,Overcast clouds,2025-01-14 02:00:00
3275,0,36.84789115155314,0,1,20.444837246427305,Clouds,Overcast clouds,2025-01-14 03:00:00
4441,1,17.690112035618814,1,0,34.041155611425964,Clear,Snow,2025-01-14 04:00:00
2906,0,5.276215532901178,0,1,51.05807574595599,Rain,Light rain,2025-01-14 05:00:00
637,0,9.849075853714172,1,1,61.51291405411998,Clear,Light rain,2025-01-14 06:00:00
1941,0,12.360127025241784,1,1,91.06057172144217,Clouds,Clear sky,2025-01-14 07:00:00
2555,0,20.029716668030865,0,0,50.98540095504577,Clear,Snow,2025-01-14 08:00:00
624,1,15.783971384824888,0,0,50.127564462572934,Clouds,Overcast clouds,2025-01-14 09:00:00
3050,1,35.96959866072087,0,0,5.024300982298213,Clear,Snow,2025-01-14 10:00:00
4231,1,14.848174145291512,0,1,3.491155265622381,Rain,Overcast clouds,2025-01-14 11:00:00
4880,1,39.607900741165636,1,0,55.11599619163721,Clear,Overcast clouds,2025-01-14 12:00:00
4215,0,32.571247887254785,0,1,43.81786132483445,Rain,Snow,2025-01-14 13:00:00
2468,1,0.4255257178667904,0,1,83.91803949802986,Rain,Light rain,2025-01-14 14:00:00
3947,0,36.52976073219581,0,0,16.067958471184518,Clear,Overcast clouds,2025-01-14 15:00:00
4595,0,-4.181680105726196,1,0,2.49716621170496,Rain,Snow,2025-01-14 16:00:00
2801,0,30.872485424559578,0,1,44.903876793012586,Snow,Clear sky,2025-01-14 17:00:00
1071,0,9.031164673829004,0,1,23.74785567522575,Clear,Snow,2025-01-14 18:00:00
1266,0,33.898716022253474,1,0,4.961437333883745,Clear,Clear sky,2025-01-14 19:00:00
2874,1,33.40283450537252,1,0,72.4598286847629,Rain,Overcast clouds,2025-01-14 20:00:00
2082,1,30.296270005881055,0,0,11.159299995724748,Rain,Snow,2025-01-14 21:00:00
953,1,29.501521815353072,0,1,60.83195000077717,Clear,Snow,2025-01-14 22:00:00
4246,1,5.233956954902039,0,1,28.104975016688915,Snow,Clear sky,2025-01-14 23:00:00
3836,0,-5.954035847437391,0,1,17.3496050355022,Rain,Snow,2025-01-15 00:00:00
3869,1,10.149008938258074,0,1,37.97515229193175,Rain,Snow,2025-01-15 01:00:00
674,0,-1.3237742506745658,1,1,80.14457762229537,Clouds,Overcast clouds,2025-01-15 02:00:00
3361,1,24.747554445123086,1,0,39.20935769045727,Snow,Snow,2025-01-15 03:00:00
1248,0,7.304986326889278,0,0,75.07696492110557,Snow,Light rain,2025-01-15 04:00:00
1815,0,38.78051004299574,0,1,12.548629679915068,Clear,Clear sky,2025-01-15 05:00:00
4877,1,22.0486038672666,1,1,77.27714196650791,Snow,Snow,2025-01-15 06:00:00
3954,0,31.124028181718046,0,0,23.693332490664865,Clear,Clear sky,2025-01-15 07:00:00
2591,0,-3.3737663629075785,0,0,67.73931298888728,Clouds,Clear sky,2025-01-15 08:00:00
2760,1,33.10072411363113,0,0,56.57815548409963,Snow,Clear sky,2025-01-15 09:00:00
3224,0,36.13785952566972,0,0,92.91447172116874,Rain,Snow,2025-01-15 10:00:00
3151,1,14.353095940946794,0,1,38.732251797531404,Clouds,Snow,2025-01-15 11:00:00
104,1,20.312646887548873,1,0,6.616518883444044,Clear,Clear sky,2025-01-15 12:00:00
4969,1,28.24049004514977,0,1,1.9155485551252904,Clouds,Light rain,2025-01-15 13:00:00
976,0,-1.258068636979372,0,0,82.6858560972753,Clear,Clear sky,2025-01-15 14:00:00
1091,0,15.128303823172121,0,0,52.473563766143215,Clouds,Light rain,2025-01-15 15:00:00
4242,0,9.933151388615656,1,0,77.52440518349492,Clear,Clear sky,2025-01-15 16:00:00
4464,1,-2.681300391887545,1,1,23.44256000115147,Snow,Overcast clouds,2025-01-15 17:00:00
4565,0,8.376721114576572,1,1,34.50837455132337,Rain,Clear sky,2025-01-15 18:00:00
735,1,-6.591384530725321,1,0,3.010387221131894,Clear,Clear sky,2025-01-15 19:00:00
1793,1,-8.70940465252565,0,1,96.14923245741122,Clouds,Snow,2025-01-15 20:00:00
1782,0,-3.241685542258862,1,1,66.78679067008134,Clear,Light rain,2025-01-15 21:00:00
4852,1,38.15575557945869,0,0,93.32050877593062,Clear,Overcast clouds,2025-01-15 22:00:00
219,0,17.476476794750848,0,0,26.549640742907233,Clear,Light rain,2025-01-15 23:00:00
930,0,38.291108057661,1,1,61.146361122566084,Clouds,Overcast clouds,2025-01-16 00:00:00
3775,0,11.6248939165066,1,1,67.84999682926379,Rain,Clear sky,2025-01-16 01:00:00
1469,0,5.590806654262979,1,1,31.754970025758844,Snow,Snow,2025-01-16 02:00:00
840,0,15.307093142012206,1,0,84.81092350156301,Rain,Snow,2025-01-16 03:00:00
216,1,11.975584431645505,1,0,94.71614629002478,Clear,Light rain,2025-01-16 04:00:00
2938,1,-4.716765786912804,0,1,88.48551176960044,Clouds,Snow,2025-01-16 05:00:00
1250,1,22.041315734510313,1,0,73.90669759393725,Rain,Light rain,2025-01-16 06:00:00
2031,0,0.8019091254799804,1,0,27.746467972495402,Clear,Light rain,2025-01-16 07:00:00
1112,0,20.97939774489148,1,1,28.161604210563173,Snow,Overcast clouds,2025-01-16 08:00:00
1764,0,22.51005461990767,0,1,96.3360320446038,Snow,Light rain,2025-01-16 09:00:00
1181,1,-2.3987573435675946,1,0,1.0284495935692028,Snow,Overcast clouds,2025-01-16 10:00:00
4829,0,-6.932518644466592,0,0,71.60499732421445,Clear,Snow,2025-01-16 11:00:00
612,1,29.038079303421988,1,1,70.62461625552622,Clouds,Light rain,2025-01-16 12:00:00
2949,1,12.99002118846601,1,0,62.26895409497975,Rain,Light rain,2025-01-16 13:00:00
659,0,-7.091810224726211,0,0,99.01088460868658,Snow,Clear sky,2025-01-16 14:00:00
3772,0,39.74331585848836,1,1,31.187943576372522,Clear,Light rain,2025-01-16 15:00:00
4683,1,-7.110971950181668,0,1,33.997186379324816,Clear,Light rain,2025-01-16 16:00:00
3443,0,24.75176144292766,0,0,7.893940294655555,Rain,Clear sky,2025-01-16 17:00:00
4170,1,39.18394626317068,0,0,44.27981365437375,Snow,Clear sky,2025-01-16 18:00:00
4899,0,1.9590052107962812,1,0,26.10485262348481,Clear,Snow,2025-01-16 19:00:00
1570,0,-2.8875315656401916,1,1,34.338670217764424,Rain,Light rain,2025-01-16 20:00:00
680,1,-3.9307530288785557,1,0,83.45717902556277,Clouds,Snow,2025-01-16 21:00:00
2394,0,5.163757378379778,0,0,93.54845135274957,Clouds,Snow,2025-01-16 22:00:00
3247,1,-4.947709449467665,1,1,18.573307200518563,Clouds,Clear sky,2025-01-16 23:00:00
4349,0,24.608067084706597,0,1,37.25089315534659,Snow,Overcast clouds,2025-01-17 00:00:00
1779,1,-6.885410093496866,1,0,92.8630562115394,Rain,Snow,2025-01-17 01:00:00
3606,1,15.471106407489486,0,1,6.180846068922263,Rain,Overcast clouds,2025-01-17 02:00:00
2844,0,39.83484269264884,0,1,9.236052811137851,Clear,Light rain,2025-01-17 03:00:00
3456,1,30.698513475300942,0,0,16.279098920622936,Clear,Clear sky,2025-01-17 04:00:00
4145,0,20.760971911550545,1,1,59.521283412687474,Clear,Light rain,2025-01-17 05:00:00
1343,0,5.312681039330583,0,1,15.047227100599747,Rain,Light rain,2025-01-17 06:00:00
3218,0,21.194791814581922,0,0,96.80763814507335,Clear,Clear sky,2025-01-17 07:00:00
2241,1,16.35207319558258,0,1,44.671452725852035,Rain,Light rain,2025-01-17 08:00:00
3159,1,11.304169194518575,0,0,50.15179603501664,Rain,Clear sky,2025-01-17 09:00:00
4648,0,-3.464481162990026,0,0,24.66586158054065,Clouds,Overcast clouds,2025-01-17 10:00:00
3059,0,34.330210762023334,0,1,47.09602524347335,Clear,Light rain,2025-01-17 11:00:00
2365,1,12.489232441066125,1,1,66.19136326370115,Clouds,Clear sky,2025-01-17 12:00:00
2579,0,-0.2688744089617465,1,1,75.11771369540428,Snow,Snow,2025-01-17 13:00:00
4746,0,8.38796754386448,0,0,75.3868082709913,Snow,Light rain,2025-01-17 14:00:00
1735,1,10.70648762644635,1,1,57.789111269408835,Snow,Overcast clouds,2025-01-17 15:00:00
1857,0,31.37689477834371,1,0,90.43597749938573,Rain,Clear sky,2025-01-17 16:00:00
4552,1,26.6807190280701,0,1,81.74078473061094,Rain,Light rain,2025-01-17 17:00:00
2170,0,28.465244682066988,0,1,75.70481146986255,Rain,Light rain,2025-01-17 18:00:00
2949,1,-9.44843677856764,0,1,5.560552168046062,Clear,Light rain,2025-01-17 19:00:00
3351,0,10.807699908988077,1,0,0.6877962219649314,Clouds,Overcast clouds,2025-01-17 20:00:00
3830,0,14.06720758176618,0,1,21.244727719547296,Rain,Clear sky,2025-01-17 21:00:00
2589,1,-9.040386158847166,1,1,66.35235939134523,Clouds,Snow,2025-01-17 22:00:00
1731,0,2.9906604372517105,0,0,41.119748888254584,Clouds,Snow,2025-01-17 23:00:00
2916,1,28.01449115610675,1,0,40.24062592993117,Clouds,Snow,2025-01-18 00:00:00
1115,0,-3.1445147135500475,0,1,88.45868882296138,Clear,Clear sky,2025-01-18 01:00:00
1448,1,16.765506572629583,0,1,89.55628481318388,Clear,Snow,2025-01-18 02:00:00
4711,1,0.7600936008618753,1,1,90.91752640535857,Snow,Overcast clouds,2025-01-18 03:00:00
3187,1,-9.393961267805336,1,0,31.38780765150273,Snow,Clear sky,2025-01-18 04:00:00
2939,1,2.0600728799770742,1,0,69.10558127392618,Clouds,Light rain,2025-01-18 05:00:00
435,0,38.79368774550269,1,0,27.163318127436963,Snow,Overcast clouds,2025-01-18 06:00:00
4692,0,30.076855594149478,1,0,19.060983307444978,Clouds,Light rain,2025-01-18 07:00:00
995,1,37.97883221605167,1,1,18.463245734736923,Clear,Snow,2025-01-18 08:00:00
3646,1,14.392702196318123,0,0,34.2107620863594,Clear,Overcast clouds,2025-01-18 09:00:00
951,1,-4.5131900661248245,1,0,42.99576197798217,Clear,Clear sky,2025-01-18 10:00:00
1787,0,17.397974448684646,0,0,83.09491710550684,Rain,Overcast clouds,2025-01-18 11:00:00
2031,0,12.718866727998044,0,1,11.98910934727121,Clouds,Light rain,2025-01-18 12:00:00
3846,0,32.2178541369808,1,1,73.49258473948942,Clear,Clear sky,2025-01-18 13:00:00
2527,0,-5.095870960787771,0,0,53.14549141893053,Clouds,Overcast clouds,2025-01-18 14:00:00
1668,1,14.41205685108891,1,0,28.794534267599246,Snow,Overcast clouds,2025-01-18 15:00:00
4100,1,-2.497566765300787,1,1,49.281958453282456,Snow,Overcast clouds,2025-01-18 16:00:00
2838,1,6.2337963445029985,0,1,29.994206977702266,Clear,Overcast clouds,2025-01-18 17:00:00
3598,0,26.867853869389982,0,1,59.608195523830595,Clouds,Clear sky,2025-01-18 18:00:00
4013,0,13.800906468438328,1,1,43.38439228552442,Clear,Light rain,2025-01-18 19:00:00
1166,0,8.794414257288466,1,1,16.440552907887874,Snow,Overcast clouds,2025-01-18 20:00:00
4480,1,9.723813928501766,0,1,11.658307455569672,Clear,Clear sky,2025-01-18 21:00:00
2544,1,12.97233842029933,0,1,54.66956820721302,Clouds,Light rain,2025-01-18 22:00:00
4207,0,29.250827191852842,0,1,90.24130332861034,Snow,Overcast clouds,2025-01-18 23:00:00
3473,1,34.60423444701172,0,0,34.395768655768556,Rain,Light rain,2025-01-19 00:00:00
4069,0,37.76673432519642,1,0,73.30001072226231,Snow,Light rain,2025-01-19 01:00:00
2646,0,29.345169312764753,1,0,65.8661354939767,Rain,Clear sky,2025-01-19 02:00:00
853,1,5.770344787400637,1,0,93.1554914309481,Clear,Light rain,2025-01-19 03:00:00
2182,0,24.406735304327107,1,0,82.09810172991409,Clear,Clear sky,2025-01-19 04:00:00
2874,1,11.880156202769598,0,0,56.660525890546296,Clouds,Overcast clouds,2025-01-19 05:00:00
2996,0,2.7335311023025586,0,1,65.70304982341074,Rain,Light rain,2025-01-19 06:00:00
4285,1,32.04357897129613,1,1,89.83864665840349,Clear,Light rain,2025-01-19 07:00:00
875,1,-8.07868255188375,1,0,39.95187845869348,Rain,Snow,2025-01-19 08:00:00
1725,1,35.08809960677117,1,0,32.679470585777736,Clear,Overcast clouds,2025-01-19 09:00:00
3169,0,13.073873231236707,1,1,1.081108363519634,Snow,Overcast clouds,2025-01-19 10:00:00
517,0,21.86007384041402,1,1,82.65510741914642,Clear,Snow,2025-01-19 11:00:00
214,1,22.967696110289133,1,1,80.0980700403365,Clouds,Snow,2025-01-19 12:00:00
716,1,34.75588703532682,1,0,10.445451810015138,Snow,Clear sky,2025-01-19 13:00:00
4074,0,21.833484108360366,1,1,57.68573811327003,Clouds,Clear sky,2025-01-19 14:00:00
3367,0,20.69667923800309,1,0,46.398169816688736,Snow,Light rain,2025-01-19 15:00:00
925,0,-6.667397971965502,0,0,11.870909550911147,Rain,Light rain,2025-01-19 16:00:00
1616,1,15.920401097260203,1,1,98.05682270607235,Clouds,Light rain,2025-01-19 17:00:00
3246,0,-2.4915499591479175,0,1,21.469588746335543,Clear,Light rain,2025-01-19 18:00:00
512,0,26.87168843607428,0,0,6.723418009056115,Rain,Clear sky,2025-01-19 19:00:00
828,1,15.611096040633726,1,1,59.48473795019096,Clear,Overcast clouds,2025-01-19 20:00:00
3448,0,24.011388960417662,1,1,73.88666771330327,Snow,Light rain,2025-01-19 21:00:00
2908,0,-7.9163549698807865,0,0,3.2443446047186963,Snow,Overcast clouds,2025-01-19 22:00:00
775,0,-5.760399197709839,0,1,65.87176387270222,Clear,Light rain,2025-01-19 23:00:00
3565,1,25.81616940313411,1,0,53.22918759514545,Clear,Snow,2025-01-20 00:00:00
2604,1,-6.395783200066331,0,0,10.326500887504842,Rain,Light rain,2025-01-20 01:00:00
3067,1,-6.43716361173707,1,1,17.252387694636205,Clear,Light rain,2025-01-20 02:00:00
2886,1,-9.394576238255627,1,0,56.79742973160805,Clouds,Light rain,2025-01-20 03:00:00
1222,1,37.82506991497401,1,0,29.63576135132884,Clouds,Clear sky,2025-01-20 04:00:00
4179,1,26.875417972950345,0,1,93.8315728651316,Clear,Snow,2025-01-20 05:00:00
1671,1,7.662570425103208,0,1,81.87402294840508,Clouds,Light rain,2025-01-20 06:00:00
2243,0,4.826779064382761,1,1,98.3567206513663,Clear,Light rain,2025-01-20 07:00:00
1787,0,7.485161487292476,0,0,25.967083895041398,Rain,Overcast clouds,2025-01-20 08:00:00
4232,1,28.732676559059094,0,0,96.9723632797977,Clouds,Snow,2025-01-20 09:00:00
3951,0,23.068530553520716,0,1,43.12338697915579,Clouds,Light rain,2025-01-20 10:00:00
3540,0,-0.7402216066266032,0,0,34.751879531375465,Clear,Overcast clouds,2025-01-20 11:00:00
3866,1,-1.2945332332957822,0,1,5.034952696935324,Clouds,Overcast clouds,2025-01-20 12:00:00
2426,0,-5.080217514330134,0,1,5.276525785960262,Snow,Clear sky,2025-01-20 13:00:00
3014,0,23.015135985066905,0,0,69.20112559466547,Rain,Overcast clouds,2025-01-20 14:00:00
4052,0,28.218633111086795,1,1,45.79289944340279,Rain,Light rain,2025-01-20 15:00:00
695,0,3.2523214162502008,0,0,22.65216260361057,Clouds,Clear sky,2025-01-20 16:00:00
828,0,-8.95275194845436,0,0,61.39703063252326,Clouds,Clear sky,2025-01-20 17:00:00
1465,1,-5.891416626178633,0,1,25.285811825011116,Snow,Light rain,2025-01-20 18:00:00
4592,1,38.39300174225152,0,0,57.76317543444226,Snow,Snow,2025-01-20 19:00:00
798,1,4.772238873871013,0,1,35.92087469826903,Clouds,Overcast clouds,2025-01-20 20:00:00
495,0,28.46115739190668,0,0,82.3552226611819,Clouds,Clear sky,2025-01-20 21:00:00
4271,1,21.23317844271319,0,0,82.06961607667793,Snow,Snow,2025-01-20 22:00:00
4460,0,9.096981982644795,0,0,47.73503981224013,Clear,Light rain,2025-01-20 23:00:00
2602,0,0.2843631097777557,1,1,35.08191093350156,Snow,Overcast clouds,2025-01-21 00:00:00
1919,0,-3.9306790920296786,0,0,36.25597965590946,Clear,Overcast clouds,2025-01-21 01:00:00
817,0,20.75064840194333,0,1,80.57145256682179,Rain,Clear sky,2025-01-21 02:00:00
2882,1,28.731689031889402,0,0,32.8179482797612,Rain,Overcast clouds,2025-01-21 03:00:00
3677,1,22.19521267705653,0,0,20.9059373706846,Snow,Overcast clouds,2025-01-21 04:00:00
243,0,16.515106662457917,1,1,8.468834187530682,Clear,Overcast clouds,2025-01-21 05:00:00
3240,1,-7.902438828418187,1,1,46.66931208844084,Snow,Overcast clouds,2025-01-21 06:00:00
4591,0,38.42443887971919,1,1,48.213209891984185,Snow,Light rain,2025-01-21 07:00:00
3038,1,29.935709582728727,1,1,84.09087104029072,Clear,Snow,2025-01-21 08:00:00
3736,1,4.641101835048238,1,1,22.123869644606398,Snow,Light rain,2025-01-21 09:00:00
3322,0,38.99851646794253,1,0,38.099127366839994,Rain,Light rain,2025-01-21 10:00:00
1267,1,20.094079481816106,1,0,80.8405738893691,Clouds,Clear sky,2025-01-21 11:00:00
2716,0,19.121132910362324,1,1,82.36236107489735,Clouds,Overcast clouds,2025-01-21 12:00:00
1162,1,27.403658971476602,1,0,38.46110759787682,Snow,Light rain,2025-01-21 13:00:00
2256,0,30.58848940450688,1,0,45.91240232866809,Clear,Overcast clouds,2025-01-21 14:00:00
3082,0,22.823930366575134,1,0,30.328589084928293,Clear,Light rain,2025-01-21 15:00:00
3394,1,-3.5952126816899987,1,1,93.2554878419312,Rain,Light rain,2025-01-21 16:00:00
4829,1,6.913375299724919,1,0,11.864376574158031,Clear,Clear sky,2025-01-21 17:00:00
1256,0,36.404182016302485,1,0,93.374942300147,Clear,Snow,2025-01-21 18:00:00
832,1,1.2307805921925965,1,0,68.38664518353433,Rain,Snow,2025-01-21 19:00:00
4430,1,8.608351191875666,1,1,53.15721526867312,Snow,Light rain,2025-01-21 20:00:00
4946,0,11.603844147209799,0,0,3.2659060784495875,Clouds,Clear sky,2025-01-21 21:00:00
1053,0,11.970249484722608,1,0,47.55961918220083,Rain,Overcast clouds,2025-01-21 22:00:00
2639,1,20.646979124726276,0,1,40.774810500273226,Snow,Overcast clouds,2025-01-21 23:00:00
3424,0,37.15379188723538,1,1,16.121881197512256,Rain,Light rain,2025-01-22 00:00:00
3401,0,2.034635591625248,1,0,65.6409603500657,Snow,Snow,2025-01-22 01:00:00
1642,0,-3.9249311849540973,0,0,97.11509073682858,Rain,Clear sky,2025-01-22 02:00:00
1291,1,-0.1264755070031338,1,1,56.218881106452514,Snow,Snow,2025-01-22 03:00:00
3093,1,34.34624501046348,0,1,71.47532764439458,Rain,Overcast clouds,2025-01-22 04:00:00
2781,0,22.290540632760298,0,1,6.845045256601678,Snow,Snow,2025-01-22 05:00:00
1317,1,4.295339461958006,0,1,41.76669958169947,Rain,Overcast clouds,2025-01-22 06:00:00
1640,0,30.797346948430864,1,1,11.635848516449588,Clouds,Clear sky,2025-01-22 07:00:00
3336,1,33.0684998181718,1,1,61.27958355365104,Clouds,Clear sky,2025-01-22 08:00:00
2486,0,32.3257169345139,1,1,93.84821582141547,Clear,Light rain,2025-01-22 09:00:00
3819,0,35.94632668197772,0,0,66.17777324716386,Snow,Light rain,2025-01-22 10:00:00
1488,1,2.612051008668079,0,1,7.680304831442153,Rain,Snow,2025-01-22 11:00:00
1956,0,27.752096437313917,1,1,35.466620498508284,Snow,Clear sky,2025-01-22 12:00:00
1465,1,13.026974863707,1,0,55.066337944085156,Clouds,Clear sky,2025-01-22 13:00:00
599,1,32.099927644503076,1,1,40.320775613325225,Snow,Light rain,2025-01-22 14:00:00
1780,0,26.424533858080657,1,1,83.36440104751723,Rain,Overcast clouds,2025-01-22 15:00:00
610,0,28.822372324986233,1,0,81.46710047099891,Snow,Snow,2025-01-22 16:00:00
4412,1,22.808091884053574,0,1,61.183102010322145,Rain,Snow,2025-01-22 17:00:00
1424,0,-1.1285615265146571,0,0,37.345794513270526,Clouds,Light rain,2025-01-22 18:00:00
1255,0,17.251345944846918,0,0,25.533637376324414,Clouds,Clear sky,2025-01-22 19:00:00
1927,0,39.23348697622541,1,0,10.587431821312931,Clouds,Light rain,2025-01-22 20:00:00
3241,0,36.869403324855945,0,0,35.4897683486554,Clear,Light rain,2025-01-22 21:00:00
3586,0,-7.8413132101494165,0,1,41.31725172077195,Clouds,Light rain,2025-01-22 22:00:00
1910,1,-1.7592592135281429,0,0,67.58229251040736,Snow,Light rain,2025-01-22 23:00:00
3023,1,-3.4135613272719043,0,0,65.81598242975734,Clear,Overcast clouds,2025-01-23 00:00:00
2314,0,26.298995499264777,0,1,7.0108139641256955,Clouds,Overcast clouds,2025-01-23 01:00:00
4286,0,30.889266492847256,1,0,39.525931543115775,Snow,Clear sky,2025-01-23 02:00:00
813,0,0.6755683155335959,0,0,18.177886721736193,Snow,Light rain,2025-01-23 03:00:00
3702,1,15.292634647591449,1,0,15.68127053168057,Snow,Overcast clouds,2025-01-23 04:00:00
4234,0,32.03515140056,1,0,82.73021497372459,Rain,Clear sky,2025-01-23 05:00:00
3622,1,26.64007723831253,1,1,4.191521671625753,Clear,Light rain,2025-01-23 06:00:00
4368,1,17.111860274592413,1,0,41.91828759021213,Snow,Snow,2025-01-23 07:00:00
4848,1,19.517384522938645,1,1,16.82036557665182,Rain,Overcast clouds,2025-01-23 08:00:00
4949,0,15.418027345813996,0,1,87.9330215678474,Clouds,Clear sky,2025-01-23 09:00:00
1343,1,4.877422565941028,0,0,55.704051327503514,Snow,Snow,2025-01-23 10:00:00
3809,0,18.251099642950805,1,0,23.1380636376848,Rain,Light rain,2025-01-23 11:00:00
1181,1,24.44426510250453,1,0,50.24272871663764,Snow,Light rain,2025-01-23 12:00:00
555,0,33.666145793040386,1,0,73.14863597031159,Clear,Light rain,2025-01-23 13:00:00
994,1,21.814567698962403,0,1,95.81180089194338,Clear,Overcast clouds,2025-01-23 14:00:00
1484,0,28.0560768521579,1,1,22.044600424541894,Clouds,Clear sky,2025-01-23 15:00:00
2058,1,-1.9964182522713507,0,1,88.61817721293451,Snow,Snow,2025-01-23 16:00:00
3172,0,13.077873720989494,1,0,93.43041141674902,Rain,Clear sky,2025-01-23 17:00:00
2096,0,-9.533419008645335,0,1,91.64205445320663,Clouds,Overcast clouds,2025-01-23 18:00:00
4385,0,2.3339432260811517,1,0,63.54143568619099,Snow,Clear sky,2025-01-23 19:00:00
604,0,26.32308575565024,0,0,62.982065443470766,Clouds,Overcast clouds,2025-01-23 20:00:00
1314,1,39.59049756746817,1,0,40.32106331838228,Rain,Light rain,2025-01-23 21:00:00
1631,1,-5.0410950206392044,0,0,75.23978823037879,Clouds,Snow,2025-01-23 22:00:00
3540,0,10.074715793064414,0,0,53.12940183509319,Clouds,Light rain,2025-01-23 23:00:00
923,1,30.003548434957978,0,1,67.74380712282945,Clouds,Clear sky,2025-01-24 00:00:00
1028,0,0.20178173144494238,0,1,42.84579038487954,Snow,Light rain,2025-01-24 01:00:00
233,0,17.75424746511431,0,0,73.14964640431391,Rain,Snow,2025-01-24 02:00:00
2205,1,26.65356480148374,0,1,82.4471517604549,Clear,Light rain,2025-01-24 03:00:00
3727,0,20.79927251300895,0,0,14.64362566028161,Snow,Snow,2025-01-24 04:00:00
4880,0,-0.5987632692291935,1,0,83.2929715574228,Clear,Snow,2025-01-24 05:00:00
1952,1,7.769228434286973,1,0,54.029653179030724,Clear,Light rain,2025-01-24 06:00:00
4275,0,29.18958922426986,1,1,84.46659090902243,Snow,Overcast clouds,2025-01-24 07:00:00
3033,0,17.71132570660083,1,0,43.13017063410146,Snow,Clear sky,2025-01-24 08:00:00
3384,0,-9.738519322854364,1,0,37.904048538303506,Rain,Overcast clouds,2025-01-24 09:00:00
4398,0,28.04953800140469,0,1,91.50607325172224,Rain,Overcast clouds,2025-01-24 10:00:00
2911,1,-8.234432252988046,0,1,25.11692675484013,Clouds,Light rain,2025-01-24 11:00:00
1350,1,27.286689136561606,0,1,84.42123252861431,Clear,Clear sky,2025-01-24 12:00:00
3612,1,0.12402800826187033,0,0,48.40205725094041,Rain,Clear sky,2025-01-24 13:00:00
1356,0,37.90367400596901,0,0,51.40954425512597,Clouds,Overcast clouds,2025-01-24 14:00:00
3476,0,8.397037565104224,1,1,30.8468281489484,Rain,Light rain,2025-01-24 15:00:00
3586,1,6.3465808169039555,1,0,57.30422006190157,Snow,Clear sky,2025-01-24 16:00:00
3684,0,-2.555597483377766,1,1,32.52111962762113,Rain,Overcast clouds,2025-01-24 17:00:00
1496,0,5.280210774510744,1,1,3.926941424165231,Clear,Clear sky,2025-01-24 18:00:00
3737,0,33.83253809141003,0,0,27.199860534435604,Rain,Light rain,2025-01-24 19:00:00
3430,0,39.81671688136237,0,0,0.6379043406590679,Clear,Light rain,2025-01-24 20:00:00
2803,1,8.415476525342417,0,1,97.83547870568566,Snow,Light rain,2025-01-24 21:00:00
570,1,12.430531547727128,1,1,96.57472098197475,Clear,Clear sky,2025-01-24 22:00:00
1453,1,26.10354691013685,0,1,39.5155297472305,Rain,Snow,2025-01-24 23:00:00
2883,0,34.30978902325373,1,1,72.8370854339646,Clouds,Clear sky,2025-01-25 00:00:00
2931,1,19.652216709339207,0,0,34.580609841042495,Snow,Snow,2025-01-25 01:00:00
457,1,9.576284908891466,0,1,67.1093157085976,Rain,Light rain,2025-01-25 02:00:00
3119,0,10.631092042431188,1,1,80.54300430459791,Snow,Overcast clouds,2025-01-25 03:00:00
767,0,24.780907324840342,0,1,94.67562446922408,Snow,Snow,2025-01-25 04:00:00
4568,1,-9.839086819786067,0,0,40.0212275849672,Rain,Light rain,2025-01-25 05:00:00
1245,1,20.979466872992035,1,0,78.32979829560477,Rain,Light rain,2025-01-25 06:00:00
4285,1,7.774650522067869,0,1,26.59284506321188,Clouds,Snow,2025-01-25 07:00:00
3819,1,29.709866563854213,1,0,99.03323037936484,Snow,Overcast clouds,2025-01-25 08:00:00
2845,0,-5.350468008843392,0,0,2.5769598764351143,Snow,Light rain,2025-01-25 09:00:00
639,1,19.410113347419525,0,0,60.3528806501121,Rain,Snow,2025-01-25 10:00:00
2879,1,14.048644494306188,0,1,65.95059816513272,Clear,Overcast clouds,2025-01-25 11:00:00
4236,0,22.116276295261372,0,1,68.80455570741289,Rain,Overcast clouds,2025-01-25 12:00:00
4935,1,-6.7573202758515825,0,0,12.038757878908902,Snow,Light rain,2025-01-25 13:00:00
3875,0,18.999189371406565,0,1,93.85297834731304,Rain,Clear sky,2025-01-25 14:00:00
2608,0,18.074229397976186,0,1,18.11832790500828,Clouds,Clear sky,2025-01-25 15:00:00
2879,0,18.033004720808545,0,0,62.27534032398411,Clear,Light rain,2025-01-25 16:00:00
1024,1,20.17438332982274,1,0,22.267607912308495,Rain,Overcast clouds,2025-01-25 17:00:00
3056,1,23.82339686131811,1,1,30.72164170212709,Clouds,Light rain,2025-01-25 18:00:00
1681,0,30.249449984038485,0,0,54.645854172812435,Snow,Snow,2025-01-25 19:00:00
3424,1,3.4910360064107167,0,1,41.719341856457646,Rain,Clear sky,2025-01-25 20:00:00
4585,1,31.252470509003103,1,1,16.02256009765063,Snow,Snow,2025-01-25 21:00:00
355,0,14.91278411317268,0,0,17.093640242084827,Clouds,Light rain,2025-01-25 22:00:00
4904,0,-6.1470860432834415,0,1,41.814478816279966,Snow,Light rain,2025-01-25 23:00:00
1938,1,-7.0724535378010405,1,1,75.72829782755008,Clouds,Overcast clouds,2025-01-26 00:00:00
2044,0,6.7119159348030415,0,0,89.79646468477885,Clouds,Overcast clouds,2025-01-26 01:00:00
109,1,29.24484885557338,0,0,8.412766225938284,Clouds,Overcast clouds,2025-01-26 02:00:00
2971,1,25.384046737045786,1,0,39.310390755940105,Rain,Snow,2025-01-26 03:00:00
897,1,29.43074823362032,0,1,10.024556372287662,Snow,Overcast clouds,2025-01-26 04:00:00
1115,1,15.863452822080468,0,0,1.6592480632597884,Snow,Light rain,2025-01-26 05:00:00
1924,0,12.00994989777453,1,0,66.17186826439566,Clear,Overcast clouds,2025-01-26 06:00:00
4569,0,-2.627373664685803,0,0,60.24494419665878,Clear,Clear sky,2025-01-26 07:00:00
3236,0,6.409637680465579,1,0,16.301911381488623,Clear,Overcast clouds,2025-01-26 08:00:00
2293,0,11.700968308693763,0,1,23.38128330930641,Clear,Snow,2025-01-26 09:00:00
323,1,-5.569978516019138,0,1,2.370775364451838,Snow,Clear sky,2025-01-26 10:00:00
4258,1,1.0305976355605626,1,0,83.49472056944037,Clouds,Clear sky,2025-01-26 11:00:00
4025,0,19.91126470318694,1,1,97.46905960485515,Clouds,Clear sky,2025-01-26 12:00:00
4884,1,26.783155711959495,0,0,13.545953679469081,Rain,Snow,2025-01-26 13:00:00
4100,1,39.91737556964748,1,0,23.147521376529813,Clouds,Light rain,2025-01-26 14:00:00
1733,1,36.65566656717788,1,1,86.8409523946934,Snow,Overcast clouds,2025-01-26 15:00:00
2252,0,22.12825997675958,0,1,92.64637979561849,Snow,Clear sky,2025-01-26 16:00:00
610,0,11.062402664703601,0,0,41.96273828068103,Snow,Clear sky,2025-01-26 17:00:00
484,0,21.808868235411637,0,0,5.062247226907413,Rain,Clear sky,2025-01-26 18:00:00
504,1,29.282580904011596,1,1,3.93918336928194,Clear,Light rain,2025-01-26 19:00:00
4713,0,-4.083190453830634,1,0,57.39498660690104,Clouds,Light rain,2025-01-26 20:00:00
4671,0,10.495244484814414,1,1,39.2895108893179,Snow,Snow,2025-01-26 21:00:00
2100,0,31.990114281780862,1,0,2.8652427577654516,Snow,Light rain,2025-01-26 22:00:00
2856,0,9.1916475966522,0,0,58.32523923125568,Clear,Overcast clouds,2025-01-26 23:00:00
1768,0,18.593613561359327,1,1,1.1302536589022472,Snow,Snow,2025-01-27 00:00:00
1560,0,19.38846804310991,0,1,78.73719581492729,Clouds,Snow,2025-01-27 01:00:00
3736,1,-0.776187343318032,1,1,30.643282270337156,Rain,Overcast clouds,2025-01-27 02:00:00
2824,1,8.111772082614419,0,1,4.02580030092321,Snow,Overcast clouds,2025-01-27 03:00:00
4909,0,6.725564437096608,0,1,58.835222098315334,Clouds,Overcast clouds,2025-01-27 04:00:00
4278,0,-8.69016457339676,0,1,39.76844144330547,Snow,Snow,2025-01-27 05:00:00
2148,1,-8.790411805432237,1,1,97.38004133571495,Clear,Snow,2025-01-27 06:00:00
4246,1,31.584852183788676,0,0,54.41986625037022,Snow,Snow,2025-01-27 07:00:00
4880,0,3.65354049864062,0,0,27.52391810370083,Snow,Overcast clouds,2025-01-27 08:00:00
816,0,15.90393831194077,1,0,70.94388646339748,Rain,Overcast clouds,2025-01-27 09:00:00
4644,0,4.936278679438653,0,1,27.149200254271133,Clear,Clear sky,2025-01-27 10:00:00
4683,0,37.03396225576702,1,1,90.42432914075651,Clear,Light rain,2025-01-27 11:00:00
1923,1,2.9648379432886873,1,1,37.47219705073764,Rain,Clear sky,2025-01-27 12:00:00
2181,0,11.482840636946754,0,0,54.98685627762052,Snow,Overcast clouds,2025-01-27 13:00:00
3519,0,33.63651252423009,0,1,5.0573103824228856,Clouds,Snow,2025-01-27 14:00:00
1674,0,32.09667833959043,1,1,42.61212379522308,Clear,Overcast clouds,2025-01-27 15:00:00
349,0,-0.6949291076861339,0,0,83.2363539660995,Clear,Light rain,2025-01-27 16:00:00
773,1,30.13216548978552,1,1,80.56488053633419,Snow,Clear sky,2025-01-27 17:00:00
4633,1,12.909344336894634,1,0,22.431855885352626,Snow,Clear sky,2025-01-27 18:00:00
2265,1,14.148443604267761,1,0,22.60790710105627,Clear,Snow,2025-01-27 19:00:00
870,0,-3.326001379202811,0,1,81.73053122132367,Snow,Clear sky,2025-01-27 20:00:00
4062,0,-5.9699243121437675,1,1,93.03984201693255,Clouds,Clear sky,2025-01-27 21:00:00
4463,1,26.396965348688262,0,1,9.536092127300355,Clear,Overcast clouds,2025-01-27 22:00:00
2084,0,14.823057617764988,0,0,45.005863942622526,Clouds,Clear sky,2025-01-27 23:00:00
1177,0,11.842535130758979,0,0,33.745427896422896,Clouds,Clear sky,2025-01-28 00:00:00
335,1,26.475411432619836,0,0,87.06884554574394,Snow,Clear sky,2025-01-28 01:00:00
488,1,28.275644949555485,1,1,8.352491468001876,Clouds,Snow,2025-01-28 02:00:00
3137,1,-2.0545916165323224,0,1,21.112594255803742,Snow,Snow,2025-01-28 03:00:00
4958,1,20.511257473882065,1,1,75.24683375864943,Rain,Overcast clouds,2025-01-28 04:00:00
1948,0,-3.2322958861157236,1,1,5.129384898121558,Snow,Clear sky,2025-01-28 05:00:00
4819,0,27.568754301452287,0,0,49.25353807142893,Clouds,Snow,2025-01-28 06:00:00
2914,1,22.847757813356978,1,0,44.210703467972,Rain,Snow,2025-01-28 07:00:00
3474,0,37.8307310541729,1,0,33.44011789887487,Snow,Overcast clouds,2025-01-28 08:00:00
3378,1,-6.5520991821789405,0,0,39.457231531892376,Clouds,Light rain,2025-01-28 09:00:00
1352,1,-7.147263942437284,1,1,52.99405869302329,Clear,Clear sky,2025-01-28 10:00:00
4081,0,4.109353734660008,1,1,16.136735838838312,Clear,Snow,2025-01-28 11:00:00
4773,1,3.085284186795299,1,1,57.19958782835928,Snow,Overcast clouds,2025-01-28 12:00:00
2222,0,2.3489399535999915,1,0,80.54323292999864,Snow,Overcast clouds,2025-01-28 13:00:00
4630,0,35.312729026051834,0,0,76.01609297901591,Clear,Overcast clouds,2025-01-28 14:00:00
2250,0,2.4773099924753055,1,1,15.389990469377368,Clouds,Snow,2025-01-28 15:00:00
4959,0,3.5974863064315503,1,1,14.92494697414739,Clouds,Clear sky,2025-01-28 16:00:00
1429,1,27.969913120898184,1,0,26.817436774491334,Clouds,Light rain,2025-01-28 17:00:00
1458,0,12.486992122526999,1,1,36.10747263410372,Snow,Clear sky,2025-01-28 18:00:00
2582,1,28.83552784775906,0,0,40.84555814084826,Rain,Overcast clouds,2025-01-28 19:00:00
4642,1,-6.731692121780738,1,0,67.96972168333453,Rain,Overcast clouds,2025-01-28 20:00:00
2117,1,14.378559683669216,0,0,5.66804321658354,Rain,Light rain,2025-01-28 21:00:00
1431,1,-8.319319990835869,1,1,3.4672704226066386,Rain,Clear sky,2025-01-28 22:00:00
4444,0,-6.867339827232274,0,1,39.191056294390904,Rain,Overcast clouds,2025-01-28 23:00:00
4361,0,35.321872667220546,0,0,69.71636921379805,Snow,Overcast clouds,2025-01-29 00:00:00
1458,1,-3.037731444120242,0,1,19.343534295648258,Snow,Clear sky,2025-01-29 01:00:00
4737,1,16.621034113760857,0,0,64.15044812562518,Rain,Overcast clouds,2025-01-29 02:00:00
4954,0,10.554780130035326,0,0,25.982813794029948,Snow,Clear sky,2025-01-29 03:00:00
3277,1,7.367166312942135,1,0,88.60861088135164,Snow,Overcast clouds,2025-01-29 04:00:00
2228,0,34.99166728436362,1,0,89.56899442666165,Rain,Clear sky,2025-01-29 05:00:00
2280,1,-8.908830161225525,1,1,29.72872042813265,Clouds,Light rain,2025-01-29 06:00:00
4992,0,23.189484308779456,0,0,22.99937539632405,Snow,Overcast clouds,2025-01-29 07:00:00
237,1,38.16972171067752,1,0,41.13039720662313,Clouds,Light rain,2025-01-29 08:00:00
3572,1,18.008409173092097,0,1,24.05315851801487,Snow,Overcast clouds,2025-01-29 09:00:00
2932,0,36.84112310165459,0,0,67.23838432917036,Snow,Overcast clouds,2025-01-29 10:00:00
3679,1,-7.387106035698812,1,0,82.60646845482856,Rain,Snow,2025-01-29 11:00:00
3131,1,10.939665953708069,1,1,67.3092130911217,Snow,Clear sky,2025-01-29 12:00:00
4264,0,3.0078895481025576,0,1,82.43504472493495,Clear,Light rain,2025-01-29 13:00:00
2693,1,26.541048249036493,0,1,39.69921622074742,Clear,Light rain,2025-01-29 14:00:00
4400,0,39.064854524862334,1,0,15.631697070886085,Rain,Light rain,2025-01-29 15:00:00
3918,0,2.82650312221239,1,1,73.79509473975922,Clouds,Clear sky,2025-01-29 16:00:00
4238,1,22.708730073703727,1,1,36.047450514155386,Clouds,Snow,2025-01-29 17:00:00
3923,1,-0.09511836201299317,1,0,67.12708252291326,Clouds,Light rain,2025-01-29 18:00:00
4142,1,18.266512728580494,0,0,27.064394198176565,Clear,Clear sky,2025-01-29 19:00:00
2006,1,13.19662433441681,1,0,8.122963480667266,Clouds,Overcast clouds,2025-01-29 20:00:00
860,1,38.60026648157685,1,0,99.25817954877634,Clouds,Light rain,2025-01-29 21:00:00
3545,1,20.42636363482333,1,0,15.620150793059928,Rain,Light rain,2025-01-29 22:00:00
999,1,7.475318604340938,0,1,98.8420993963481,Clouds,Snow,2025-01-29 23:00:00
4555,0,-4.295210755603332,0,1,97.72799325664472,Clear,Light rain,2025-01-30 00:00:00
3047,1,-2.4376585632532723,0,1,79.38181039080396,Clear,Light rain,2025-01-30 01:00:00
1819,0,1.2658464975617552,0,0,65.94229620819976,Clear,Overcast clouds,2025-01-30 02:00:00
380,1,2.5483330670149,1,0,57.78070502510847,Rain,Clear sky,2025-01-30 03:00:00
3366,1,32.53080289205689,0,0,86.61015453778347,Rain,Clear sky,2025-01-30 04:00:00
1987,0,18.061139414126245,1,1,28.943952161948793,Snow,Snow,2025-01-30 05:00:00
3366,1,16.169545568718323,1,1,46.7681212484877,Clouds,Overcast clouds,2025-01-30 06:00:00
766,1,-4.2615564065391265,1,0,61.93899693665019,Rain,Clear sky,2025-01-30 07:00:00
4288,0,33.00698466747175,1,1,41.11904758694911,Clear,Overcast clouds,2025-01-30 08:00:00
771,1,26.140715160424186,0,0,42.7486454090268,Clear,Clear sky,2025-01-30 09:00:00
2069,1,-6.61658190499992,0,1,33.02846675020844,Rain,Overcast clouds,2025-01-30 10:00:00
4256,1,25.391754861488437,0,1,56.4231816684536,Rain,Snow,2025-01-30 11:00:00
3222,0,17.176910867132303,1,1,85.0574528015116,Rain,Light rain,2025-01-30 12:00:00
4799,1,-5.913732712661087,1,0,20.152837800631286,Snow,Snow,2025-01-30 13:00:00
4877,1,12.915032076432823,1,1,93.44330387534414,Clear,Clear sky,2025-01-30 14:00:00
4000,1,14.234814356502348,1,1,68.90876537482296,Snow,Snow,2025-01-30 15:00:00
623,1,-1.7112729918362124,1,0,82.32732126800302,Snow,Light rain,2025-01-30 16:00:00
2493,0,37.284907350014116,0,1,55.619069263001165,Clouds,Snow,2025-01-30 17:00:00
3217,0,32.49876857403309,1,0,77.95167014240634,Clear,Clear sky,2025-01-30 18:00:00
2693,1,23.451116866455415,0,0,1.620039733946721,Clear,Clear sky,2025-01-30 19:00:00
2068,1,13.11477805003036,1,0,81.83804247795352,Rain,Snow,2025-01-30 20:00:00
1853,0,10.588277079225424,1,0,4.013885908536652,Rain,Light rain,2025-01-30 21:00:00
2396,0,22.548673357547706,0,0,88.99133763628625,Clouds,Snow,2025-01-30 22:00:00
2361,1,17.271593470345273,0,1,99.19627472386433,Snow,Light rain,2025-01-30 23:00:00
2386,0,-6.886344705905719,1,0,29.40674621767778,Rain,Overcast clouds,2025-01-31 00:00:00
4302,1,15.625132438516584,1,0,21.031855628579365,Rain,Light rain,2025-01-31 01:00:00
2978,0,30.320180861641973,1,0,76.53633638580408,Clear,Overcast clouds,2025-01-31 02:00:00
4243,0,12.961993879847903,1,0,25.302634092025322,Clear,Snow,2025-01-31 03:00:00
3744,0,-7.402171122286579,0,1,86.55623831722035,Rain,Light rain,2025-01-31 04:00:00
4532,0,29.313909969201653,1,0,10.28425921574767,Clear,Overcast clouds,2025-01-31 05:00:00
2155,1,0.06818910679871948,0,1,12.595519637935826,Clouds,Overcast clouds,2025-01-31 06:00:00
4820,0,2.931041744401938,1,0,97.91515551006155,Rain,Overcast clouds,2025-01-31 07:00:00
1376,0,-1.7646823283852058,0,1,67.38388982700046,Clear,Clear sky,2025-01-31 08:00:00
2866,1,6.510753243574879,0,0,84.68872244289528,Clouds,Snow,2025-01-31 09:00:00
402,0,27.83757528443175,1,0,32.4329377351518,Clear,Overcast clouds,2025-01-31 10:00:00
738,0,15.969292975196868,0,1,67.64837495206044,Clear,Light rain,2025-01-31 11:00:00
155,1,0.24406370753562712,1,0,59.42418273085972,Clear,Overcast clouds,2025-01-31 12:00:00
4921,0,33.89150390760204,0,1,60.3150120122947,Rain,Clear sky,2025-01-31 13:00:00
625,1,33.97909274757646,1,0,68.25324595377215,Snow,Snow,2025-01-31 14:00:00
4669,1,33.52892125230034,0,1,57.53591731290986,Clear,Clear sky,2025-01-31 15:00:00
4223,1,1.9398105690769647,1,0,42.906236930266594,Clouds,Clear sky,2025-01-31 16:00:00
2225,1,12.561967209049406,1,0,27.592269438054686,Rain,Clear sky,2025-01-31 17:00:00
3387,0,39.249482807043755,0,1,76.8581330913202,Rain,Light rain,2025-01-31 18:00:00
464,1,28.600623815499517,0,0,22.62724300031862,Clouds,Snow,2025-01-31 19:00:00
4721,0,-8.64162893872201,0,0,69.23543061544142,Clear,Snow,2025-01-31 20:00:00
1746,0,-6.739770436975397,0,0,23.333282264932663,Snow,Light rain,2025-01-31 21:00:00
1018,0,13.196568840616639,1,0,62.53301699544539,Clear,Snow,2025-01-31 22:00:00
2897,0,35.461010293078004,0,0,74.70782671290289,Clouds,Clear sky,2025-01-31 23:00:00
1631,0,16.935089897635713,1,0,21.87138889065392,Rain,Snow,2025-02-01 00:00:00
3445,0,14.890625401714512,0,1,5.994330086130828,Snow,Light rain,2025-02-01 01:00:00
2006,0,-4.726315002168471,1,1,13.097374299417408,Rain,Clear sky,2025-02-01 02:00:00
3186,0,22.839005236214703,1,1,60.59969672710255,Clouds,Light rain,2025-02-01 03:00:00
4680,0,31.105158030011275,1,0,84.94464062257356,Clear,Overcast clouds,2025-02-01 04:00:00
2175,0,9.021000375378115,1,1,4.499682123542437,Snow,Clear sky,2025-02-01 05:00:00
813,1,28.780592546266377,0,0,73.41512590416463,Rain,Clear sky,2025-02-01 06:00:00
1162,1,38.22383269504058,0,0,34.13186459500521,Rain,Snow,2025-02-01 07:00:00
2076,1,0.18832295638445373,1,0,47.85283699195225,Rain,Clear sky,2025-02-01 08:00:00
1396,0,16.166481559737065,0,0,92.88595498455656,Clear,Light rain,2025-02-01 09:00:00
225,1,4.356897904228777,0,1,33.19715047358455,Snow,Snow,2025-02-01 10:00:00
4732,1,29.64272095169197,1,0,46.5336933939486,Clear,Overcast clouds,2025-02-01 11:00:00
3696,1,18.879668294057875,0,1,1.3682414760681105,Clear,Light rain,2025-02-01 12:00:00
3383,0,21.72912087751519,0,0,8.159872000483837,Clear,Overcast clouds,2025-02-01 13:00:00
1703,0,29.895707980794704,0,1,25.859159113478402,Clouds,Overcast clouds,2025-02-01 14:00:00
166,0,9.798523633122745,1,1,2.7852240821074403,Clouds,Overcast clouds,2025-02-01 15:00:00
332,0,35.75450342035216,0,1,63.1375326048251,Clouds,Clear sky,2025-02-01 16:00:00
2256,1,16.651443362307,1,1,42.63983568016225,Snow,Light rain,2025-02-01 17:00:00
1269,1,-2.1022588582325996,0,1,54.814520272802206,Clear,Light rain,2025-02-01 18:00:00
2258,1,24.794955908440123,0,1,17.464718589632955,Clear,Clear sky,2025-02-01 19:00:00
4306,1,29.663067521912723,0,0,29.593202943661613,Clouds,Snow,2025-02-01 20:00:00
1593,0,5.838083853376334,1,1,66.38244748527251,Clear,Overcast clouds,2025-02-01 21:00:00
4818,0,32.85896284993765,1,0,96.53027236303998,Clear,Light rain,2025-02-01 22:00:00
4107,0,35.30716273828832,0,1,5.04167736022092,Rain,Clear sky,2025-02-01 23:00:00
2572,1,3.845224368890447,1,0,89.03843208552661,Clear,Overcast clouds,2025-02-02 00:00:00
2760,0,39.1760736357611,0,1,57.68812013112085,Rain,Snow,2025-02-02 01:00:00
2839,0,-2.964423597562079,1,1,56.39195667556237,Clear,Snow,2025-02-02 02:00:00
1861,1,0.10078342012449859,1,0,50.027853520776034,Snow,Overcast clouds,2025-02-02 03:00:00
3614,1,-0.7887580380986936,0,1,6.9394085904183385,Clouds,Snow,2025-02-02 04:00:00
2075,0,34.69948550039352,0,1,8.987685173616066,Rain,Light rain,2025-02-02 05:00:00
2462,0,22.714627616248094,0,1,60.09120056590861,Clouds,Light rain,2025-02-02 06:00:00
976,0,-2.3947858388863565,0,0,34.09585714355583,Rain,Light rain,2025-02-02 07:00:00
3912,0,12.016170918417448,1,1,91.72680665776807,Rain,Snow,2025-02-02 08:00:00
3548,0,20.764901253490102,1,0,40.659053735947225,Rain,Light rain,2025-02-02 09:00:00
1412,0,-5.826795750530835,1,1,14.328145870264109,Snow,Clear sky,2025-02-02 10:00:00
1560,1,34.12081842036694,0,1,71.4718833502036,Clear,Light rain,2025-02-02 11:00:00
2809,1,30.180176772076756,0,0,29.335342144100984,Rain,Light rain,2025-02-02 12:00:00
2424,1,15.26033867883191,1,1,52.54703073558932,Snow,Snow,2025-02-02 13:00:00
1833,0,38.35633076295852,0,1,69.783278550517,Rain,Light rain,2025-02-02 14:00:00
1705,1,10.888048963754986,1,0,90.02641112020704,Clear,Overcast clouds,2025-02-02 15:00:00
2663,0,39.20551595182489,1,1,79.2191194801676,Rain,Clear sky,2025-02-02 16:00:00
3521,0,23.395999940181355,1,0,67.63610678727241,Snow,Snow,2025-02-02 17:00:00
3617,1,21.733563662697073,1,0,67.96331823951436,Clear,Clear sky,2025-02-02 18:00:00
2497,0,-1.7022552352107496,1,0,94.59246440320865,Snow,Overcast clouds,2025-02-02 19:00:00
3835,0,34.0963879152322,0,1,29.582409749653603,Clear,Snow,2025-02-02 20:00:00
2970,1,11.37448439603076,0,0,0.11120941961874076,Clear,Snow,2025-02-02 21:00:00
1260,1,-1.8883297108760324,0,0,27.19545593981987,Clouds,Light rain,2025-02-02 22:00:00
4954,1,-9.369624001212047,1,1,21.7891379626744,Clouds,Clear sky,2025-02-02 23:00:00
342,0,17.987784181919128,1,0,66.18345851139982,Clouds,Overcast clouds,2025-02-03 00:00:00
2690,1,16.369981106133817,1,1,63.3711599765529,Clear,Overcast clouds,2025-02-03 01:00:00
1163,1,25.967681118457925,1,1,59.34613827047238,Rain,Snow,2025-02-03 02:00:00
4424,0,34.512902650890105,0,1,1.62434432094537,Snow,Light rain,2025-02-03 03:00:00
2695,1,-6.029670767848524,0,1,72.87780544506475,Snow,Snow,2025-02-03 04:00:00
1019,1,26.574824517018115,1,0,32.353041248549154,Snow,Snow,2025-02-03 05:00:00
105,1,-0.6294027951208889,1,0,66.50559890066312,Clouds,Snow,2025-02-03 06:00:00
567,0,32.9088526578582,1,0,55.65784285021533,Clear,Snow,2025-02-03 07:00:00
4270,0,30.953175693082805,0,0,34.27309254279072,Clouds,Overcast clouds,2025-02-03 08:00:00
103,0,17.03968774927722,0,0,13.457626710410775,Rain,Overcast clouds,2025-02-03 09:00:00
745,0,25.512139931165578,0,1,9.441889766048096,Clear,Snow,2025-02-03 10:00:00
217,1,5.71750565918742,1,0,83.15183331122236,Snow,Snow,2025-02-03 11:00:00
3028,0,13.558394946640732,1,0,91.8397542081558,Clouds,Light rain,2025-02-03 12:00:00
2651,0,31.08184488552358,0,0,64.97880467642996,Clouds,Snow,2025-02-03 13:00:00
4389,1,12.963259858660695,1,1,10.343411486048337,Rain,Overcast clouds,2025-02-03 14:00:00
946,1,7.889913266272089,0,1,40.20272168882407,Rain,Clear sky,2025-02-03 15:00:00
2862,1,14.710622362514993,1,0,72.89392001051573,Clouds,Overcast clouds,2025-02-03 16:00:00
1241,0,31.412462621860918,0,1,77.9820884010068,Rain,Light rain,2025-02-03 17:00:00
1910,0,6.760402368543637,1,0,11.82186222910886,Snow,Overcast clouds,2025-02-03 18:00:00
823,0,-1.31192034321281,0,0,0.003071884538241587,Rain,Clear sky,2025-02-03 19:00:00
324,1,25.60070101653904,0,1,71.2137045880605,Rain,Snow,2025-02-03 20:00:00
4727,1,31.29891063540409,0,1,35.659617598620564,Clouds,Clear sky,2025-02-03 21:00:00
4308,0,-4.968126073823333,0,0,25.448133161826025,Clouds,Snow,2025-02-03 22:00:00
4754,1,1.9937056377972358,0,0,1.289746978952544,Clear,Snow,2025-02-03 23:00:00
2148,1,-2.901400511950305,0,1,54.02994067614997,Clear,Overcast clouds,2025-02-04 00:00:00
4849,1,7.39707057910833,1,0,85.11507354259817,Clouds,Overcast clouds,2025-02-04 01:00:00
4515,0,12.517548945270633,1,1,95.76316462725879,Rain,Overcast clouds,2025-02-04 02:00:00
1673,1,27.44131684816532,1,0,56.574495061328925,Rain,Light rain,2025-02-04 03:00:00
1928,1,22.557379244083705,0,1,51.44613277398942,Clear,Overcast clouds,2025-02-04 04:00:00
2017,0,21.046428373921557,0,0,8.50563854892411,Clear,Light rain,2025-02-04 05:00:00
4334,0,7.618747330482719,1,0,54.887280154259976,Clear,Overcast clouds,2025-02-04 06:00:00
2126,1,32.072377654238,0,1,37.99790789653946,Snow,Snow,2025-02-04 07:00:00
3844,1,13.564358369908227,0,0,60.71352808835769,Snow,Light rain,2025-02-04 08:00:00
1001,0,38.95524690075773,0,0,38.87263478765467,Clear,Clear sky,2025-02-04 09:00:00
4885,0,21.70710691478684,0,1,24.029912345036674,Rain,Light rain,2025-02-04 10:00:00
2139,1,-3.6867629217748634,0,0,9.49652752283765,Clear,Light rain,2025-02-04 11:00:00
109,1,23.808878103771697,1,0,31.491844458889574,Snow,Clear sky,2025-02-04 12:00:00
360,1,6.255200771584949,1,0,9.664483428775227,Rain,Light rain,2025-02-04 13:00:00
1773,1,24.31635983430487,1,1,17.689695082398394,Snow,Snow,2025-02-04 14:00:00
2319,0,-6.517942591879713,1,1,98.73361585795459,Rain,Overcast clouds,2025-02-04 15:00:00
2160,1,-1.2559281412020304,1,1,44.41035569066186,Snow,Clear sky,2025-02-04 16:00:00
3813,1,32.786862945289315,0,0,53.187176650501655,Rain,Overcast clouds,2025-02-04 17:00:00
1719,0,1.3589778511757444,0,0,87.36185287372153,Rain,Snow,2025-02-04 18:00:00
420,1,31.852056262147002,0,0,99.55689004906878,Rain,Clear sky,2025-02-04 19:00:00
1442,0,3.9638044227205214,0,0,58.27144493446815,Rain,Overcast clouds,2025-02-04 20:00:00
2476,1,22.144095502935386,1,1,81.24738210441717,Clouds,Overcast clouds,2025-02-04 21:00:00
2932,1,24.707528675491552,1,0,32.694102433667524,Snow,Snow,2025-02-04 22:00:00
2924,0,15.632737657252648,1,0,30.57439574472911,Snow,Overcast clouds,2025-02-04 23:00:00
2094,0,5.265533834836564,0,0,40.27037209945602,Clouds,Snow,2025-02-05 00:00:00
3058,1,0.6322188185548061,1,1,67.25072626736491,Rain,Light rain,2025-02-05 01:00:00
2138,1,-8.34053227187869,0,0,68.21916892550988,Rain,Snow,2025-02-05 02:00:00
3590,1,5.197320062036191,1,0,31.52394346494508,Snow,Light rain,2025-02-05 03:00:00
3777,0,22.65813952656415,1,0,13.320992413662868,Clouds,Clear sky,2025-02-05 04:00:00
1218,1,36.91524092242413,0,0,63.239625646550856,Rain,Overcast clouds,2025-02-05 05:00:00
1704,0,33.5602241131526,0,0,12.832586218876452,Rain,Snow,2025-02-05 06:00:00
4127,0,28.30323882676513,1,1,57.84925082293301,Rain,Snow,2025-02-05 07:00:00
335,1,29.422367162664933,1,0,69.3422128056309,Clear,Overcast clouds,2025-02-05 08:00:00
2069,0,23.249245173799764,0,0,70.06114963944516,Clouds,Overcast clouds,2025-02-05 09:00:00
4529,1,3.01434287830015,1,0,75.34721106595967,Rain,Clear sky,2025-02-05 10:00:00
2008,1,35.359751535291494,1,0,87.28594215656645,Clear,Clear sky,2025-02-05 11:00:00
475,1,23.5366155952917,0,0,49.995899196478845,Clouds,Snow,2025-02-05 12:00:00
3630,1,18.022031549021996,1,0,73.02491895295712,Rain,Clear sky,2025-02-05 13:00:00
2735,1,-4.4505265393259466,0,0,61.91727353658367,Snow,Light rain,2025-02-05 14:00:00
1670,0,12.35277719032127,1,0,18.663993979768257,Clear,Clear sky,2025-02-05 15:00:00
2660,0,13.017913560096314,0,0,2.568964486940817,Clear,Clear sky,2025-02-05 16:00:00
3491,1,33.228180476133495,1,0,28.454138567693377,Rain,Snow,2025-02-05 17:00:00
3065,1,17.332411009389425,0,1,44.30337063376194,Rain,Light rain,2025-02-05 18:00:00
3743,0,9.020027448520484,1,1,61.71059444286563,Clear,Clear sky,2025-02-05 19:00:00
3950,0,38.840016425532966,0,1,84.99593305032053,Snow,Light rain,2025-02-05 20:00:00
972,0,-4.463970333684216,1,1,19.624571670616564,Snow,Light rain,2025-02-05 21:00:00
1352,0,11.12742141559723,1,0,12.55497898984771,Clouds,Light rain,2025-02-05 22:00:00
1414,1,-7.898766241429735,1,1,96.34799474743275,Rain,Overcast clouds,2025-02-05 23:00:00
4920,1,26.995206038346517,1,1,10.80445593764071,Snow,Overcast clouds,2025-02-06 00:00:00
2998,0,35.90382760995753,1,0,47.84910701071892,Clouds,Overcast clouds,2025-02-06 01:00:00
177,1,4.001866477524471,1,1,58.55637287933019,Snow,Overcast clouds,2025-02-06 02:00:00
2721,0,32.91708383995604,1,1,54.137442090743825,Rain,Snow,2025-02-06 03:00:00
4327,1,4.610911523094888,1,0,8.603215703294321,Clouds,Clear sky,2025-02-06 04:00:00
700,0,35.53850808219576,1,0,5.702691400361937,Clouds,Overcast clouds,2025-02-06 05:00:00
1165,1,27.6980951798392,0,0,10.548342746103568,Clouds,Snow,2025-02-06 06:00:00
2236,0,30.24533884207193,0,1,58.55876838726125,Snow,Clear sky,2025-02-06 07:00:00
2549,0,-9.099672219977275,1,1,54.43448876343211,Rain,Overcast clouds,2025-02-06 08:00:00
2443,1,38.1405178537013,0,0,23.374079203674427,Clouds,Clear sky,2025-02-06 09:00:00
1963,0,26.33354960351616,1,0,63.777414184559156,Clear,Overcast clouds,2025-02-06 10:00:00
1418,1,5.237554769306666,1,1,82.00675020556494,Rain,Snow,2025-02-06 11:00:00
4811,1,31.469733242942347,0,0,4.157895984659376,Clear,Light rain,2025-02-06 12:00:00
3697,0,4.0760599207464985,1,1,49.81299435480424,Clear,Light rain,2025-02-06 13:00:00
3862,1,33.6376919783064,1,0,68.93104121026903,Clouds,Clear sky,2025-02-06 14:00:00
4770,1,-4.3709804794031495,0,0,25.23119270696871,Clouds,Snow,2025-02-06 15:00:00
2290,1,25.184298873039786,0,1,30.77709052931491,Snow,Light rain,2025-02-06 16:00:00
1092,1,17.034923832245518,1,0,61.36379029893838,Snow,Overcast clouds,2025-02-06 17:00:00
2812,1,-5.173276490227959,0,0,89.7935293443737,Snow,Light rain,2025-02-06 18:00:00
2292,0,2.0946914129419483,0,0,80.99244203028994,Rain,Clear sky,2025-02-06 19:00:00
1348,1,-9.379798186134261,1,1,58.31302190995835,Snow,Clear sky,2025-02-06 20:00:00
3154,1,13.438398273225292,0,0,73.02217177572491,Clear,Snow,2025-02-06 21:00:00
4698,1,5.063263038000018,0,0,36.482247020779866,Snow,Clear sky,2025-02-06 22:00:00
4133,1,19.91787421488794,1,0,64.09655280987577,Clouds,Light rain,2025-02-06 23:00:00
2097,1,4.8618903854308595,0,0,46.6181591127557,Snow,Light rain,2025-02-07 00:00:00
3787,0,4.995955575349235,0,0,18.993613645756092,Rain,Light rain,2025-02-07 01:00:00
2251,1,27.15965993658017,1,0,70.17382738772572,Rain,Light rain,2025-02-07 02:00:00
4118,0,-7.592858201082327,1,1,55.646463734882204,Clear,Snow,2025-02-07 03:00:00
3210,0,35.144749759599364,1,1,35.86215819535914,Rain,Overcast clouds,2025-02-07 04:00:00
2070,0,32.61319371955907,0,0,91.13391900786307,Snow,Overcast clouds,2025-02-07 05:00:00
297,0,23.39023416132033,1,1,2.0934117826733267,Clouds,Snow,2025-02-07 06:00:00
2726,1,19.661078505369215,1,1,31.5773151249496,Rain,Clear sky,2025-02-07 07:00:00
1302,0,34.615124906982615,0,0,5.688139777764656,Clear,Overcast clouds,2025-02-07 08:00:00
2135,0,-0.7334910235642784,1,1,76.65273162216272,Snow,Clear sky,2025-02-07 09:00:00
577,1,-6.051541890458569,1,1,70.21074541137926,Clear,Overcast clouds,2025-02-07 10:00:00
1354,1,1.9755084954769053,1,1,33.13522187363171,Rain,Clear sky,2025-02-07 11:00:00
1022,1,29.728913935009516,1,1,67.5662902207073,Rain,Snow,2025-02-07 12:00:00
519,0,-8.266486663675835,0,1,39.593722619594985,Clear,Light rain,2025-02-07 13:00:00
2304,1,19.140341754174482,1,1,75.62537914224343,Snow,Clear sky,2025-02-07 14:00:00
2697,1,39.77187580956549,1,1,45.41836627367061,Rain,Light rain,2025-02-07 15:00:00
1220,0,32.78480469187697,0,1,41.22797278316656,Clouds,Clear sky,2025-02-07 16:00:00
3168,1,16.072284452179474,1,0,93.4729915488301,Rain,Clear sky,2025-02-07 17:00:00
1050,1,-6.817954535667883,0,0,25.087909989070024,Snow,Clear sky,2025-02-07 18:00:00
2436,1,31.568675719285494,0,1,12.044733999656543,Rain,Clear sky,2025-02-07 19:00:00
2343,1,19.94892540886053,0,1,58.45431132594582,Clear,Clear sky,2025-02-07 20:00:00
2745,0,-4.253350147021658,1,0,96.93218122841789,Rain,Light rain,2025-02-07 21:00:00
1957,1,-5.30713575883219,0,1,37.783921372718666,Rain,Clear sky,2025-02-07 22:00:00
4712,1,35.48134097182962,0,1,6.203676362878152,Snow,Light rain,2025-02-07 23:00:00
1965,0,23.46001314690392,0,0,33.93052673095674,Clear,Snow,2025-02-08 00:00:00
3012,1,31.464339965837773,1,0,50.593165431955846,Snow,Overcast clouds,2025-02-08 01:00:00
2953,0,33.94894501411336,1,0,16.19230066322137,Rain,Clear sky,2025-02-08 02:00:00
3328,1,18.58861760241611,1,1,65.8102218056492,Clouds,Overcast clouds,2025-02-08 03:00:00
3819,0,15.872317587752065,1,1,99.77493890102006,Rain,Light rain,2025-02-08 04:00:00
3328,0,11.521370516049508,1,0,45.17394759814438,Snow,Snow,2025-02-08 05:00:00
2471,0,5.847329389555965,1,0,35.472855673021265,Clouds,Snow,2025-02-08 06:00:00
2991,0,11.729798042935588,1,1,40.070416683446666,Snow,Snow,2025-02-08 07:00:00
3856,1,28.693982786507817,0,0,11.514617839520113,Snow,Overcast clouds,2025-02-08 08:00:00
4325,0,20.09617155075658,0,1,88.32736014262238,Clear,Light rain,2025-02-08 09:00:00
194,1,34.6261644977423,0,1,41.4825655521352,Clouds,Clear sky,2025-02-08 10:00:00
2774,0,12.169000718959385,0,0,38.72744114248413,Rain,Clear sky,2025-02-08 11:00:00
2055,0,20.3544789359377,1,0,65.96902729304743,Snow,Light rain,2025-02-08 12:00:00
893,0,21.565377654599438,0,1,44.203342093112354,Rain,Overcast clouds,2025-02-08 13:00:00
1934,1,19.584858115316276,0,0,64.8233468807846,Clear,Clear sky,2025-02-08 14:00:00
2216,0,25.13168865427582,0,0,6.144629013078751,Clear,Light rain,2025-02-08 15:00:00
4206,1,1.8716734187403148,0,0,81.37233437222274,Clouds,Clear sky,2025-02-08 16:00:00
3425,1,15.618188877289533,1,0,94.05039528794026,Clear,Snow,2025-02-08 17:00:00
3019,1,-4.788759859582616,1,1,64.8765386159386,Clear,Clear sky,2025-02-08 18:00:00
2697,1,9.225566382240629,1,1,95.45659288588108,Rain,Overcast clouds,2025-02-08 19:00:00
3305,1,14.38335343106322,0,1,15.143231436996329,Clear,Light rain,2025-02-08 20:00:00
4907,1,22.611212977273624,1,1,47.74161894803537,Clear,Overcast clouds,2025-02-08 21:00:00
914,1,37.526552629310174,0,0,60.180673394544726,Snow,Light rain,2025-02-08 22:00:00
445,1,20.032553327417794,1,0,58.17366474211867,Clear,Snow,2025-02-08 23:00:00
2449,1,27.179695808827987,1,1,40.14617790890432,Snow,Light rain,2025-02-09 00:00:00
462,0,15.313302974760138,1,1,33.80844093662614,Clear,Clear sky,2025-02-09 01:00:00
2543,0,21.705201568816566,1,0,12.68240225504188,Clear,Clear sky,2025-02-09 02:00:00
2365,0,-6.453389193311328,1,1,39.17424505622782,Clouds,Snow,2025-02-09 03:00:00
2288,0,2.7195790420923487,0,1,16.266081510548513,Clouds,Light rain,2025-02-09 04:00:00
3105,0,8.092654660256933,1,0,73.43656764922184,Snow,Snow,2025-02-09 05:00:00
3381,1,13.624667750325678,0,1,20.883093549458998,Clear,Clear sky,2025-02-09 06:00:00
1084,1,-7.717562724880813,0,0,5.856530528453385,Rain,Overcast clouds,2025-02-09 07:00:00
1739,1,-2.9987951223341156,0,0,55.236613781723435,Clouds,Snow,2025-02-09 08:00:00
927,1,3.8407153895652897,0,1,59.52297327194016,Rain,Overcast clouds,2025-02-09 09:00:00
2830,1,38.576634545052535,0,0,87.19130612805056,Clouds,Overcast clouds,2025-02-09 10:00:00
3631,1,6.567350355152538,1,1,57.69816124176819,Clouds,Light rain,2025-02-09 11:00:00
4551,1,14.102052905604125,1,0,34.54808537234457,Clear,Snow,2025-02-09 12:00:00
3035,0,-0.19511436308035357,1,1,80.30118815263205,Clouds,Overcast clouds,2025-02-09 13:00:00
3976,0,20.53900355378841,1,1,54.027889318742105,Rain,Overcast clouds,2025-02-09 14:00:00
226,0,4.034160775798716,0,1,7.928028463119174,Clouds,Light rain,2025-02-09 15:00:00
3277,0,0.34962892192133843,1,0,56.58505603132467,Snow,Light rain,2025-02-09 16:00:00
3156,1,15.828631422298955,1,0,90.80185454216624,Clear,Clear sky,2025-02-09 17:00:00
703,1,-9.724710041978959,0,1,39.631262549822054,Clear,Overcast clouds,2025-02-09 18:00:00
3549,1,-9.616798367538733,0,0,29.632580189980008,Snow,Clear sky,2025-02-09 19:00:00
4246,0,0.9534404550928883,1,1,14.346945701802005,Snow,Overcast clouds,2025-02-09 20:00:00
3633,1,-8.163931874958942,1,1,15.144552193535732,Snow,Clear sky,2025-02-09 21:00:00
3467,1,-4.598712293465431,0,0,43.27714843418189,Clouds,Light rain,2025-02-09 22:00:00
3468,1,6.943032466937581,1,1,59.56798241615295,Clear,Snow,2025-02-09 23:00:00
3897,0,30.129283978990642,1,0,8.061540516960175,Snow,Light rain,2025-02-10 00:00:00
1892,1,18.602432168465043,1,1,93.95685890251657,Clouds,Clear sky,2025-02-10 01:00:00
2961,0,15.63338629782082,1,0,75.51336174451959,Snow,Clear sky,2025-02-10 02:00:00
3576,0,4.674441160406083,0,1,58.66239182836627,Rain,Snow,2025-02-10 03:00:00
3517,0,36.587685971640816,0,1,82.84386709389908,Rain,Overcast clouds,2025-02-10 04:00:00
1745,0,9.850752061859584,0,0,8.01867568121133,Clear,Clear sky,2025-02-10 05:00:00
1305,1,-5.645361660211425,1,1,47.68388777331244,Clouds,Clear sky,2025-02-10 06:00:00
3130,0,20.853325805890066,1,1,63.00931268616634,Rain,Clear sky,2025-02-10 07:00:00
2972,0,-4.30808032616993,1,0,82.86529061182893,Rain,Snow,2025-02-10 08:00:00
3172,1,7.261157140084606,1,1,78.34695600492677,Clouds,Light rain,2025-02-10 09:00:00
1954,1,15.370596935890443,1,0,27.706924971339962,Snow,Clear sky,2025-02-10 10:00:00
4121,0,33.71112623425879,0,1,94.08801695592042,Clouds,Snow,2025-02-10 11:00:00
4762,1,14.677329017005935,1,0,12.434584143087035,Snow,Clear sky,2025-02-10 12:00:00
2808,0,25.112938301583213,1,1,87.51336186211522,Rain,Overcast clouds,2025-02-10 13:00:00
3602,0,39.64084194995352,0,1,97.09402496046185,Rain,Snow,2025-02-10 14:00:00
1432,0,-3.425544005100919,1,1,17.715352322262557,Rain,Clear sky,2025-02-10 15:00:00
301,0,3.7365762759759757,0,0,72.20660642037853,Clear,Snow,2025-02-10 16:00:00
3607,1,9.72880377988232,0,0,4.028551877799846,Clear,Clear sky,2025-02-10 17:00:00
4312,0,11.091408926941568,0,0,40.542282513915495,Clear,Light rain,2025-02-10 18:00:00
674,1,10.551053763277288,0,0,51.6283299197674,Clouds,Clear sky,2025-02-10 19:00:00
636,1,35.380550127827746,0,1,58.064522590963406,Rain,Snow,2025-02-10 20:00:00
1725,1,25.70163222334282,1,1,93.59372482485595,Rain,Overcast clouds,2025-02-10 21:00:00
2222,1,20.395260704535186,0,0,67.22506872941946,Clouds,Overcast clouds,2025-02-10 22:00:00
485,0,5.468635893139105,0,0,48.1277951219237,Clear,Overcast clouds,2025-02-10 23:00:00
3381,1,31.189519211064734,1,0,80.96750362658894,Clouds,Clear sky,2025-02-11 00:00:00
574,0,37.75302557424945,1,1,95.05328209544089,Clear,Light rain,2025-02-11 01:00:00
517,1,31.059914127511327,0,0,2.2066148682290843,Rain,Clear sky,2025-02-11 02:00:00
3700,1,-9.921744740426355,1,0,98.25212722560387,Snow,Overcast clouds,2025-02-11 03:00:00
1054,0,21.82006850917035,1,1,8.613213906368033,Clear,Snow,2025-02-11 04:00:00
4958,0,-7.443230927894964,0,1,81.43867792687614,Rain,Overcast clouds,2025-02-11 05:00:00
1305,0,2.880361016686093,0,0,28.033475255141248,Rain,Snow,2025-02-11 06:00:00
4859,1,-7.023764982611416,1,1,13.217965775387174,Snow,Light rain,2025-02-11 07:00:00
4220,1,20.189772647469386,0,0,43.98556397138349,Rain,Snow,2025-02-11 08:00:00
2090,0,24.329495674630337,0,1,64.39565794476135,Rain,Clear sky,2025-02-11 09:00:00
4905,0,-4.275618096704744,1,0,38.0951845023475,Clear,Clear sky,2025-02-11 10:00:00
3672,0,9.191944152248976,0,0,5.456540828269896,Clear,Clear sky,2025-02-11 11:00:00
4480,0,12.8118254477771,0,0,59.94611396587166,Snow,Snow,2025-02-11 12:00:00
4258,1,8.45265108804583,0,0,90.24032761106747,Snow,Clear sky,2025-02-11 13:00:00
4857,0,-3.9487499757403475,0,1,38.32153659472517,Rain,Clear sky,2025-02-11 14:00:00
2813,0,10.947389509373771,0,1,21.633277763082702,Clear,Clear sky,2025-02-11 15:00:00
